"species","predicted_OGT","OGT"
"Abiotrophia_defectiva",35.318146,37
"Acetivibrio_ethanolgignens",34.626633,37
"Acetobacter_cerevisiae",29.748978,28
"Acetobacter_aceti",27.95477,25.66666667
"Acetobacter_cibinongensis",29.053768,30
"Acetobacter_indonesiensis",29.914206,30
"Acetobacter_ghanensis",29.071846,30
"Acetobacter_malorum",29.053768,28
"Acetobacter_orientalis",29.139297,30
"Acetobacter_pasteurianus",29.110344,26.85714286
"Acetobacter_orleanensis",29.110344,28
"Acetobacter_pomorum",29.08272,30
"Acetobacter_senegalensis",30.336882,35
"Acetobacter_syzygii",29.098476,30
"Acetobacter_tropicalis",30.39567,30
"Acetobacterium_bakii",25.474506,20
"Acetobacterium_woodii",29.14215,30
"Acetohalobium_arabaticum",35.30682,37
"Acetonema_longum",38.994766,30
"Acholeplasma_laidlawii",31.26129,37
"Achromobacter_piechaudii",28.770054,30
"Achromobacter_spanius",28.4181,28
"Achromobacter_xylosoxidans",29.229752,30
"Acidaminococcus_fermentans",33.942688,37
"Acidaminococcus_intestini",35.162796,37
"Acidiferrobacter_thiooxydans",31.279364,30
"Acidimicrobium_ferrooxidans",45.771885,45
"Acidiphilium_cryptum",30.33149,30.75
"Acidiphilium_multivorum",30.3399,30
"Acidisphaera_rubrifaciens",32.09694,30
"Acidithiobacillus_caldus",34.637455,43
"Acidithiobacillus_ferrivorans",29.550766,30
"Acidithiobacillus_ferrooxidans",28.541935,27.41176471
"Acidithiobacillus_thiooxidans",28.273643,26.875
"Acidobacterium_capsulatum",29.475613,30
"Acidocella_aminolytica",29.877125,32.33333333
"Acidomonas_methanolica",29.15831,30
"Acidothermus_cellulolyticus",55.782234,55
"Acidovorax_avenae",27.074057,25
"Acidovorax_citrulli",26.830858,28
"Acidovorax_delafieldii",27.518986,29
"Actinomyces_oris",34.975487,37
"Acinetobacter_baumannii",31.672432,33.5
"Acinetobacter_baylyi",30.489449,30
"Acinetobacter_beijerinckii",29.94752,28
"Acinetobacter_bereziniae",30.20176,30
"Acinetobacter_bouvetii",29.94752,30
"Acinetobacter_brisouii",30.3554,28
"Acinetobacter_calcoaceticus",30.981777,29.5
"Acinetobacter_gerneri",30.045395,30
"Acinetobacter_guillouiae",29.17925,30
"Acinetobacter_haemolyticus",30.199976,28
"Acinetobacter_johnsonii",31.077976,28
"Acinetobacter_junii",30.322182,29.33333333
"Acinetobacter_lwoffii",30.059801,28
"Acinetobacter_parvus",30.121733,28
"Acinetobacter_radioresistens",30.623495,28
"Acinetobacter_rudis",30.121733,30
"Acinetobacter_schindleri",30.20176,28
"Acinetobacter_tandoii",30.623495,30
"Acinetobacter_tjernbergiae",29.94752,30
"Acinetobacter_towneri",30.121733,30
"Acinetobacter_ursingii",30.489449,28
"Acinetobacter_venetianus",30.700079,28
"Actinoalloteichus_hymeniacidonis",35.30896,28
"Actinobacillus_equuli",32.49389,37
"Actinobacillus_pleuropneumoniae",32.420414,37
"Actinobacillus_succinogenes",32.47341,33.5
"Actinobacillus_suis",32.514366,37
"Actinobacillus_ureae",32.594505,37
"Actinobaculum_massiliense",31.495289,37
"Actinobaculum_suis",31.051268,37
"Actinomyces_cardiffensis",34.382698,37
"Actinomyces_coleocanis",31.966305,37
"Actinomyces_europaeus",32.90169,37
"Actinomyces_georgiae",33.722065,37
"Actinomyces_graevenitzii",32.815586,37
"Actinomyces_hongkongensis",33.865387,37
"Actinomyces_massiliensis",34.09881,37
"Actinomyces_meyeri",35.24402,37
"Actinomyces_naeslundii",34.975487,37
"Actinomyces_neuii",32.975723,37
"Actinomyces_odontolyticus",35.59655,37
"Actinomyces_radicidentis",33.61892,37
"Actinomyces_turicensis",34.211132,37
"Actinomyces_urogenitalis",32.930737,37
"Actinomyces_viscosus",35.29754,37
"Actinoplanes_missouriensis",33.539192,28
"Actinoplanes_utahensis",35.005753,28
"Actinopolyspora_erythraea",36.93675,28
"Actinospica_robiniae",32.670074,28
"Actinosynnema_mirum",39.060246,28
"Actinotalea_fermentans",35.98414,30
"Adlercreutzia_equolifaciens",36.36961,37
"Advenella_kashmirensis",26.658401,28
"Advenella_mimigardefordensis",26.789814,28
"Aequorivita_sublithincola",13.461624,4
"Aeribacillus_pallidus",52.727127,57.5
"Aerococcus_christensenii",33.126526,37
"Aerococcus_sanguinicola",32.995518,37
"Aerococcus_urinae",33.418648,37
"Aerococcus_urinaeequi",32.80394,30
"Aerococcus_urinaehominis",33.0727,37
"Aerococcus_viridans",32.747272,32.33333333
"Aeromicrobium_erythreum",33.823456,35
"Aeromicrobium_marinum",32.124718,28
"Aeromonas_allosaccharophila",29.463842,28
"Aeromonas_enteropelogenes",29.986084,29.6
"Aeromonas_hydrophila",30.050003,29.6
"Aeromonas_media",29.441154,30
"Aeromonas_piscicola",29.439854,28
"Aeromonas_salmonicida",29.415865,27
"Aeromonas_schubertii",30.68729,30
"Aeromonas_veronii",29.682066,33.5
"Afipia_broomeae",26.677433,28
"Afipia_clevelandensis",26.974741,28
"Afipia_felis",26.742071,29
"Afipia_massiliensis",26.974741,28
"Aggregatibacter_actinomycetemcomitans",32.47341,37
"Aggregatibacter_segnis",32.73578,37
"Agreia_bicolorata",25.657597,24
"Akkermansia_muciniphila",31.110605,37
"Alcaligenes_faecalis",27.59652,30.88888889
"Alcanivorax_borkumensis",27.947073,29
"Alcanivorax_dieselolei",27.617365,28
"Alcanivorax_jadensis",27.005869,27.5
"Algibacter_lectus",23.956894,25
"Alicycliphilus_denitrificans",28.214758,28
"Alicyclobacillus_acidocaldarius",56.261673,55.625
"Alicyclobacillus_acidoterrestris",47.397064,47.14285714
"Alicyclobacillus_ferrooxydans",45.766586,30
"Alicyclobacillus_hesperidum",51.403572,50
"Aliivibrio_fischeri",19.18569,20.25
"Aliivibrio_logei",15.392301,16.125
"Aliivibrio_salmonicida",15.121219,15
"Aliivibrio_wodanis",15.663383,12.5
"Alishewanella_aestuarii",28.88688,28
"Alishewanella_agri",28.88688,28
"Alishewanella_jeotgali",28.984251,28
"Alistipes_finegoldii",27.50508,37
"Alistipes_indistinctus",28.863808,37
"Alistipes_putredinis",28.931557,37
"Alistipes_shahii",30.164799,37
"Alkaliphilus_oremlandii",35.4414,37
"Allochromatium_vinosum",25.995584,25
"Alloscardovia_omnicolens",31.599512,37
"Altererythrobacter_marensis",28.601326,28
"Alteromonas_macleodii",20.725292,28
"Alteromonas_stellipolaris",20.3337,20
"Aminobacter_aminovorans",27.501102,30
"Aminobacterium_colombiense",53.122482,37
"Aminomonas_paucivorans",57.17288,37
"Ammonifex_degensii",70.728516,70
"Amphibacillus_xylanus",32.53895,37
"Amycolatopsis_azurea",34.490494,28
"Amycolatopsis_halophila",36.622734,37
"Amycolatopsis_japonica",34.112698,28
"Amycolatopsis_keratiniphila",34.47544,28
"Amycolatopsis_mediterranei",35.320404,28
"Amycolatopsis_methanolica",35.98882,28
"Amycolatopsis_orientalis",34.233444,28
"Amycolatopsis_regifaucium",34.35419,28
"Anabaena_variabilis",28.170673,26
"Anaerobaculum_hydrogeniformans",57.779404,55
"Anaerobaculum_mobile",57.720272,55
"Anaerococcus_prevotii",35.4414,37
"Anaerococcus_hydrogenalis",33.820625,37
"Anaerococcus_lactolyticus",33.911636,37
"Anaerococcus_tetradius",34.53744,37
"Anaerococcus_vaginalis",34.436405,37
"Anaerofustis_stercorihominis",34.530746,37
"Anaerolinea_thermophila",58.1629,55
"Anaeromyxobacter_dehalogenans",42.1297,28.2
"Anaerostipes_caccae",33.344177,37
"Anaerotruncus_colihominis",34.771797,37
"Aneurinibacillus_aneurinilyticus",35.40275,30
"Anoxybacillus_amylolyticus",58.091484,60
"Aquamicrobium_defluvii",28.053347,30
"Aquifex_aeolicus",96.70716,95.5
"Aquitalea_magnusonii",27.981588,28
"Arcanobacterium_haemolyticum",32.038403,37
"Archangium_gephyra",35.450333,28.0952381
"Arcobacter_butzleri",33.67016,36.33333333
"Arcobacter_nitrofigilis",27.272987,25
"Arcobacter_thereius",32.818382,28
"Arenimonas_composti",30.10843,30
"Arenimonas_donghaensis",29.903637,28
"Arenimonas_malthae",29.492538,28
"Arenimonas_oryziterrae",29.44775,28
"Arthrobacter_alpinus",22.860727,20
"Arthrobacter_crystallopoietes",27.616144,30
"Arthrobacter_globiformis",27.26396,30
"Asaia_platycodi",29.213676,28
"Asanoa_ferruginea",27.508148,28
"Asticcacaulis_benevestitus",23.217417,20
"Asticcacaulis_excentricus",25.916119,30
"Atopobium_minutum",33.65451,37
"Atopobium_parvulum",33.74729,37
"Atopobium_rimae",34.261757,37
"Atopobium_vaginae",34.51991,37
"Aurantimonas_manganoxydans",27.232008,28
"Aureimonas_altamirensis",27.592207,28
"Aureimonas_ureilytica",27.834272,28
"Austwickia_chelonae",32.590393,37
"Avibacterium_paragallinarum",32.343773,37
"Azorhizobium_caulinodans",28.172634,30
"Azospirillum_brasilense",27.91473,30
"Azospirillum_lipoferum",28.56915,30
"Azospirillum_thiophilum",28.146275,28
"Azotobacter_chroococcum",30.03366,30
"Azotobacter_vinelandii",30.060326,30.41176471
"Bacillus_alcalophilus",32.095505,31.4
"Bacillus_altitudinis",28.309141,25
"Bacillus_amyloliquefaciens",29.273926,30
"Bacillus_anthracis",31.600641,33.5
"Bacillus_aryabhattai",30.517786,29
"Bacillus_atrophaeus",28.381199,29.33333333
"Bacillus_azotoformans",31.788754,30
"Bacillus_badius",31.714201,29.33333333
"Bacillus_bataviensis",31.898355,30
"Bacillus_beveridgei",31.688927,30
"Bacillus_boroniphilus",32.88208,30
"Bacillus_butanolivorans",30.4544,30
"Bacillus_cellulosilyticus",32.013294,30
"Bacillus_cereus",31.225544,29.6744186
"Bacillus_cibi",29.90679,30
"Bacillus_circulans",30.336065,29.6
"Bacillus_clausii",31.610106,32
"Bacillus_coagulans",35.03704,35.81818182
"Bacillus_endophyticus",29.866484,30
"Bacillus_flexus",30.4544,29.2
"Bacillus_galactosidilyticus",32.29571,30
"Bacillus_ginsengihumi",34.330257,29
"Bacillus_halodurans",32.69098,31.27272727
"Bacillus_hemicellulosilyticus",31.99707,30
"Bacillus_indicus",29.980698,30
"Bacillus_infantis",32.18738,30
"Bacillus_koreensis",31.421473,30
"Bacillus_lehensis",31.980848,30
"Bacillus_licheniformis",29.637434,31.48275862
"Bacillus_luciferensis",31.838224,30
"Bacillus_marisflavi",29.8433,30
"Bacillus_marmarensis",31.571953,30
"Bacillus_megaterium",30.426294,29.61538462
"Bacillus_methanolicus",39.79962,45
"Bacillus_muralis",30.054605,30
"Bacillus_murimartini",28.31985,28
"Bacillus_mycoides",30.478394,25
"Bacillus_nealsonii",29.980698,30
"Bacillus_oceanisediminis",29.460783,30
"Bacillus_okhensis",32.799713,35
"Bacillus_pseudofirmus",31.739283,31.33333333
"Bacillus_pseudomycoides",30.285091,30
"Bacillus_pumilus",28.63382,28.75757576
"Bacillus_selenatarsenatis",33.224472,40
"Bacillus_shackletonii",32.513405,30
"Bacillus_siamensis",28.465006,30
"Bacillus_simplex",30.054605,29.73913043
"Bacillus_smithii",52.178642,54.28571429
"Bacillus_sonorensis",30.260092,30
"Bacillus_subterraneus",33.434143,40
"Bacillus_subtilis",28.70969,29.96103896
"Bacillus_thermoamylovorans",39.38794,40
"Bacillus_thuringiensis",30.819027,30
"Bacillus_trypoxylicola",32.15024,30
"Bacillus_vallismortis",28.473213,30
"Bacillus_vietnamensis",29.90679,30
"Bacillus_vireti",31.222218,30
"Bacteroides_caccae",30.899471,37
"Bacteroides_cellulosilyticus",30.251999,37
"Bacteroides_clarus",31.273252,37
"Bacteroides_coprocola",31.01886,37
"Bacteroides_coprophilus",31.504274,37
"Bacteroides_coprosuis",29.523602,37
"Bacteroides_dorei",30.785984,37
"Bacteroides_eggerthii",31.096119,37
"Bacteroides_finegoldii",28.638327,37
"Bacteroides_fluxus",32.073303,37
"Bacteroides_fragilis",30.869894,37
"Bacteroides_graminisolvens",33.3098,35
"Bacteroides_helcogenes",31.043835,37
"Bacteroides_intestinalis",30.755106,37
"Bacteroides_oleiciplenus",30.612415,37
"Bacteroides_ovatus",30.49088,37
"Bacteroides_plebeius",31.948673,37
"Bacteroides_pyogenes",31.043835,37
"Bacteroides_salanitronis",30.788456,37
"Bacteroides_salyersiae",31.273252,37
"Bacteroides_thetaiotaomicron",30.869894,37
"Bifidobacterium_boum",31.820833,37
"Bacteroides_uniformis",30.50568,37
"Bacteroides_vulgatus",30.533077,37
"Bacteroides_xylanisolvens",30.533077,37
"Barnesiella_viscericola",28.873482,37
"Bartonella_alsatica",27.487623,37
"Bartonella_bacilliformis",26.731815,26
"Bartonella_birtlesii",27.172604,37
"Bartonella_bovis",27.023054,37
"Bartonella_henselae",27.431824,37
"Bartonella_koehlerae",27.431824,37
"Bartonella_quintana",27.518124,37
"Bartonella_rochalimae",27.373049,37
"Bdellovibrio_bacteriovorus",27.589249,28.75
"Beggiatoa_alba",30.294624,29.33333333
"Beijerinckia_indica",27.623224,30
"Belliella_baltica",23.18727,28
"Bellilinea_caldifistulae",57.330086,55
"Bergeyella_zoohelcum",28.64443,28
"Beutenbergia_cavernae",32.943092,28
"Bhargavaea_cecembensis",32.95208,30
"Bibersteinia_trehalosi",32.49389,37
"Bifidobacterium_actinocoloniiforme",30.751911,37
"Bifidobacterium_adolescentis",31.696129,37
"Bifidobacterium_angulatum",31.774479,37
"Bifidobacterium_animalis",32.628525,37
"Bifidobacterium_asteroides",32.723007,37
"Bifidobacterium_biavatii",31.471113,37
"Bifidobacterium_bifidum",31.727924,37
"Bifidobacterium_bohemicum",31.258558,37
"Bifidobacterium_bombi",30.338821,30
"Bifidobacterium_breve",31.649029,37
"Bifidobacterium_callitrichos",32.359074,37
"Bifidobacterium_catenulatum",31.828884,37
"Bifidobacterium_choerinum",31.389746,37
"Bifidobacterium_coryneforme",30.52005,37
"Bifidobacterium_cuniculi",31.121943,37
"Bifidobacterium_dentium",31.891697,37
"Bifidobacterium_gallicum",31.269949,37
"Bifidobacterium_gallinarum",30.723598,37
"Bifidobacterium_indicum",30.693949,37
"Bifidobacterium_kashiwanohense",31.530685,37
"Bifidobacterium_longum",32.082718,37
"Bifidobacterium_magnum",29.869091,37
"Bifidobacterium_merycicum",31.76711,37
"Bifidobacterium_minimum",32.238937,37
"Bifidobacterium_mongoliense",30.984306,37
"Bifidobacterium_pseudocatenulatum",31.828884,37
"Bifidobacterium_pseudolongum",31.392317,37
"Bifidobacterium_psychraerophilum",31.15492,37
"Bifidobacterium_pullorum",30.75007,37
"Bifidobacterium_reuteri",31.038744,37
"Bifidobacterium_ruminantium",31.392317,37
"Bifidobacterium_saeculare",30.348812,37
"Bifidobacterium_saguini",32.63196,37
"Bifidobacterium_scardovii",31.631584,37
"Bifidobacterium_stellenboschense",32.011837,37
"Bifidobacterium_stercoris",31.392641,37
"Bifidobacterium_subtile",29.663658,37
"Bifidobacterium_thermacidophilum",31.613274,37
"Bifidobacterium_thermophilum",31.820833,37
"Bifidobacterium_tsurumiense",31.661108,37
"Bilophila_wadsworthia",33.07782,30
"Bizionia_argentinensis",19.510777,20
"Blastochloris_viridis",27.872387,26.25
"Blastococcus_saxobsidens",35.80652,28
"Blastopirellula_marina",33.38172,30
"Blautia_hansenii",34.17287,37
"Blautia_hydrogenotrophica",34.18498,37
"Bordetella_avium",28.366346,37
"Bordetella_petrii",28.4181,30
"Bordetella_bronchiseptica",28.366346,37
"Bordetella_hinzii",28.4181,37
"Bordetella_holmesii",28.366346,37
"Bordetella_parapertussis",28.366346,37
"Bordetella_pertussis",28.366346,37
"Bordetella_trematum",28.366346,37
"Borrelia_afzelii",34.11358,36
"Borrelia_burgdorferi",33.890427,35
"Borrelia_garinii",34.11358,37
"Borrelia_hermsii",33.712456,37
"Bosea_thiooxidans",30.565042,33.5
"Brachybacterium_faecium",31.52393,30
"Brachybacterium_muris",32.45262,28
"Brachybacterium_phenoliresistens",31.663532,28
"Brachyspira_murdochii",31.891235,37
"Bradyrhizobium_elkanii",28.19696,30
"Bradyrhizobium_japonicum",27.454285,26
"Bradyrhizobium_jicamae",27.35287,28
"Bradyrhizobium_liaoningense",26.974741,28
"Bradyrhizobium_pachyrhizi",27.240824,28
"Brevibacillus_agri",33.326653,32.5
"Brevibacillus_brevis",32.703358,32.5
"Brevibacillus_choshinensis",32.862457,30
"Brevibacillus_formosus",33.06432,30
"Brevibacillus_laterosporus",32.583084,30
"Brevibacillus_panacihumi",33.310326,30
"Brevibacillus_parabrevis",33.310326,30
"Brevibacillus_reuszeri",32.6189,30
"Brevibacterium_casei",33.822453,34.2
"Brevibacterium_linens",31.39213,30
"Brevundimonas_diminuta",26.710005,29
"Brevundimonas_naejangsanensis",26.276764,28
"Brevundimonas_nasdae",26.18765,30
"Brevundimonas_subvibrioides",25.649908,30
"Brochothrix_campestris",28.63382,26
"Brochothrix_thermosphacta",28.37108,30
"Brucella_suis",27.712389,37
"Bulleidia_extructa",33.70655,35
"Burkholderia_ambifaria",28.366346,29
"Burkholderia_anthina",28.392223,28
"Burkholderia_cenocepacia",28.366346,30
"Burkholderia_cepacia",28.366346,28.85714286
"Burkholderia_contaminans",28.392223,28
"Burkholderia_diffusa",28.392223,30
"Burkholderia_dolosa",28.460854,29.5
"Burkholderia_gladioli",28.366346,27.66666667
"Burkholderia_glumae",28.4181,28
"Burkholderia_lata",28.366346,30
"Burkholderia_latens",28.4181,30
"Burkholderia_metallica",28.4181,30
"Burkholderia_multivorans",28.49765,28
"Burkholderia_oklahomensis",28.460854,37
"Burkholderia_plantarii",28.392223,29.33333333
"Burkholderia_pseudomallei",28.460854,37
"Burkholderia_seminalis",28.4181,30
"Burkholderia_pyrrocinia",28.366348,28
"Burkholderia_stabilis",28.366346,30
"Burkholderia_thailandensis",28.984251,29
"Burkholderia_ubonensis",28.460854,30
"Burkholderia_vietnamiensis",28.425053,28
"Buttiauxella_agrestis",31.273998,29
"Buttiauxella_brennerae",31.273998,28
"Buttiauxella_ferragutiae",31.273998,28
"Buttiauxella_gaviniae",30.784595,28
"Buttiauxella_noackiae",30.889208,28
"Butyricicoccus_pullicaecorum",32.040073,37
"Butyrivibrio_crossotus",33.53166,37
"Butyrivibrio_proteoclasticus",33.629303,37
"Caldanaerobacter_subterraneus",68.805725,70
"Caldicellulosiruptor_bescii",70.9419,75
"Caldicellulosiruptor_hydrothermalis",70.262535,65
"Caldicellulosiruptor_kristjanssonii",70.67472,70
"Caldicellulosiruptor_kronotskyensis",70.9419,70
"Caldicellulosiruptor_lactoaceticus",70.83549,70
"Caldicellulosiruptor_owensensis",70.67472,70
"Caldicellulosiruptor_saccharolyticus",69.47305,67.5
"Caldilinea_aerophila",56.963676,55
"Caldisericum_exile",65.017746,65
"Calditerrivibrio_nitroreducens",56.71929,55
"Caldithrix_abyssi",60.4028,60
"Caloramator_australicus",58.369797,60
"Caloramator_mitchellensis",53.885117,50
"Caminibacter_mediatlanticus",56.07826,55
"Campylobacter_coli",31.777328,37
"Campylobacter_concisus",31.285742,37
"Campylobacter_curvus",29.657183,37
"Campylobacter_fetus",31.756203,37
"Campylobacter_gracilis",29.2117,37
"Campylobacter_hominis",30.078684,37
"Campylobacter_hyointestinalis",31.729092,37
"Campylobacter_insulaenigrae",32.930916,35
"Campylobacter_jejuni",31.786718,37.02631579
"Campylobacter_lari",32.88453,37
"Campylobacter_mucosalis",31.470642,37
"Campylobacter_rectus",31.049343,37
"Campylobacter_showae",30.564432,37
"Campylobacter_upsaliensis",30.964832,37
"Campylobacter_ureolyticus",29.825102,37
"Campylobacter_volucris",32.687077,37
"Capnocytophaga_canimorsus",22.422737,37
"Capnocytophaga_cynodegmi",23.172253,37
"Capnocytophaga_gingivalis",23.488182,37
"Capnocytophaga_haemolytica",22.558573,37
"Capnocytophaga_ochracea",22.773912,37
"Capnocytophaga_sputigena",22.838356,37
"Carboxydothermus_hydrogenoformans",69.64691,71.5
"Cardiobacterium_hominis",29.806831,37
"Cardiobacterium_valvarum",29.03129,37
"Carnobacterium_divergens",31.411282,30
"Carnobacterium_inhibens",31.01519,30
"Carnobacterium_maltaromaticum",30.589415,30
"Caryophanon_latum",31.854635,28.6
"Caryophanon_tenue",30.95462,30
"Castellaniella_defragrans",28.006536,30
"Catellicoccus_marimammalium",33.03418,37
"Catenibacterium_mitsuokai",32.135784,37
"Catenovulum_agarivorans",23.037592,28
"Catenulispora_acidiphila",32.27819,28
"Caulobacter_henricii",27.277603,30
"Caulobacter_segnis",27.486584,30
"Caulobacter_vibrioides",28.055109,29.5
"Cedecea_davisae",31.384127,30
"Cedecea_neteri",31.326662,37
"Cellulomonas_bogoriensis",33.647778,28
"Cellulomonas_fimi",32.407608,30
"Cellulomonas_flavigena",32.071186,30
"Cellulophaga_algicola",17.454239,15
"Cellulophaga_lytica",22.368889,25
"Cellulosimicrobium_cellulans",33.142654,28.42857143
"Cellulosimicrobium_funkei",33.142654,28
"Cellvibrio_japonicus",31.29766,37
"Cesiribacter_andamanensis",31.211506,35
"Cetobacterium_somerae",28.70202,37
"Chelatococcus_daeguensis",28.629448,37
"Chelatococcus_sambhunathii",28.450878,37
"Chelonobacter_oris",30.76241,37
"Chitinophaga_pinensis",24.187342,23.33333333
"Chlamydia_trachomatis",28.591776,37
"Chlamydophila_pneumoniae",30.375568,37
"Chlorobaculum_limnaeum",28.909885,25
"Chlorobaculum_parvum",28.724146,25
"Chlorobium_ferrooxidans",27.219828,25
"Chlorobium_limicola",27.784683,25
"Chlorobium_luteolum",27.58001,25
"Chlorobium_phaeovibrioides",27.23825,25
"Chlorobium_tepidum",31.22412,48
"Chloroflexus_aggregans",54.921013,55
"Chloroflexus_aurantiacus",53.65242,49.2
"Chondromyces_apiculatus",30.044512,29.33333333
"Chondromyces_crocatus",31.23139,30
"Chromobacterium_piscinae",28.4181,28
"Chromobacterium_violaceum",27.365274,26
"Chromohalobacter_salexigens",31.200556,33.5
"Chryseobacterium_antarcticum",12.086468,10
"Chryseobacterium_formosense",23.869852,28
"Chryseobacterium_gleum",27.724745,30
"Chryseobacterium_indologenes",28.191486,30
"Chryseobacterium_jeonii",12.400456,10
"Chryseobacterium_luteum",26.14868,28
"Chryseobacterium_oranimense",26.73059,28
"Chryseobacterium_piperi",27.510477,28
"Chryseobacterium_soli",25.52362,30
"Chryseobacterium_solincola",15.6537285,28
"Chthonomonas_calidirosea",61.06801,60
"Citrobacter_amalonaticus",32.35261,30
"Citrobacter_braakii",31.63682,30
"Citrobacter_farmeri",32.35261,30
"Citrobacter_freundii",31.80562,33.8
"Citrobacter_koseri",32.35261,31.75
"Citrobacter_rodentium",31.80562,37
"Citrobacter_youngae",31.80562,30
"Clavibacter_michiganensis",28.016653,28.53333333
"Cloacibacillus_evryensis",44.073837,37
"Cloacibacterium_normanense",30.47642,35
"Clostridium_aceticum",36.0335,30
"Clostridium_acetobutylicum",34.302704,36
"Clostridium_autoethanogenum",34.600338,37
"Clostridium_baratii",34.952568,37
"Collimonas_arenae",26.714777,28
"Clostridium_butyricum",34.410336,33.5
"Clostridium_carboxidivorans",34.703983,35
"Clostridium_celatum",34.20826,37
"Clostridium_cellulovorans",34.24171,37
"Clostridium_cylindrosporum",34.929573,37
"Clostridium_homopropionicum",34.891502,35
"Clostridium_intestinale",34.75769,33.5
"Clostridium_kluyveri",35.398453,37
"Clostridium_ljungdahlii",34.484295,37
"Clostridium_magnum",34.76532,30
"Clostridium_novyi",34.931973,37
"Clostridium_paraputrificum",34.99208,37
"Clostridium_pasteurianum",34.963154,35.25
"Clostridium_perfringens",34.7535,37
"Clostridium_ragsdalei",34.38742,35
"Clostridium_saccharobutylicum",34.952568,35
"Clostridium_saccharoperbutylacetonicum",34.788895,32.5
"Clostridium_sartagoforme",35.37474,37
"Clostridium_scatologenes",34.7535,37
"Clostridium_sporogenes",36.06002,37
"Clostridium_sulfidigenes",34.780098,35
"Clostridium_tepidiprofundi",51.275906,50
"Clostridium_tetani",36.29927,37
"Clostridium_tetanomorphum",35.295242,37
"Clostridium_tyrobutyricum",33.674797,37
"Collimonas_fungivorans",26.555037,28
"Collimonas_pratensis",26.555037,28
"Collinsella_aerofaciens",33.87371,37
"Collinsella_intestinalis",37.93402,37
"Collinsella_stercoris",36.821285,37
"Collinsella_tanakaei",34.629166,37
"Colwellia_psychrerythraea",10.0743265,7.2
"Comamonas_aquatica",29.086163,30
"Comamonas_testosteroni",28.817715,29.86666667
"Comamonas_thiooxydans",28.817715,30
"Conexibacter_woesei",36.82676,28
"Congregibacter_litoralis",27.911385,28
"Coprothermobacter_proteolyticus",62.360134,60
"Coraliomargarita_akajimensis",26.588108,25
"Corallococcus_coralloides",37.5531,28.00769231
"Coriobacterium_glomerans",33.55576,30
"Corynebacterium_accolens",32.07875,37
"Corynebacterium_afermentans",32.38278,37
"Corynebacterium_ammoniagenes",31.729708,30
"Corynebacterium_amycolatum",34.45713,35.83333333
"Corynebacterium_argentoratense",33.017036,28
"Corynebacterium_atypicum",31.835104,37
"Corynebacterium_aurimucosum",32.85559,37
"Corynebacterium_callunae",30.654627,30
"Corynebacterium_camporealensis",32.503727,37
"Corynebacterium_casei",31.778477,30
"Corynebacterium_deserti",31.729708,37
"Corynebacterium_diphtheriae",33.705116,35.2
"Corynebacterium_imitans",32.213226,37
"Corynebacterium_doosanense",32.26183,28
"Corynebacterium_efficiens",33.197212,37
"Corynebacterium_falsenii",32.213882,37
"Corynebacterium_freneyi",33.607445,37
"Corynebacterium_genitalium",32.66468,37
"Corynebacterium_glucuronolyticum",31.004757,37
"Corynebacterium_glutamicum",31.904196,30.85714286
"Corynebacterium_halotolerans",32.516502,37
"Corynebacterium_humireducens",33.434875,28
"Corynebacterium_jeikeium",32.86393,37
"Corynebacterium_kroppenstedtii",33.127552,37
"Corynebacterium_kutscheri",33.075188,37
"Corynebacterium_lipophiloflavum",31.837765,37
"Corynebacterium_marinum",32.43363,28
"Corynebacterium_maris",27.990135,25
"Corynebacterium_matruchotii",32.078793,37
"Corynebacterium_minutissimum",32.679,37
"Corynebacterium_mustelae",33.200176,37
"Corynebacterium_pseudodiphtheriticum",33.525486,37
"Corynebacterium_pseudotuberculosis",32.9502,37
"Corynebacterium_pyruviciproducens",31.799324,37
"Corynebacterium_resistens",32.291065,37
"Corynebacterium_riegelii",32.08251,37
"Corynebacterium_simulans",33.093136,37
"Corynebacterium_singulare",32.65429,37
"Corynebacterium_stationis",31.320835,30
"Corynebacterium_striatum",32.85559,37
"Corynebacterium_terpenotabidum",31.79747,37
"Corynebacterium_testudinoris",33.2697,37
"Corynebacterium_tuberculostearicum",32.42218,37
"Corynebacterium_tuscaniense",32.760136,37
"Corynebacterium_ulcerans",33.378174,37
"Corynebacterium_urealyticum",32.47862,37
"Devosia_geojensis",26.533714,30
"Corynebacterium_ureicelerivorans",31.904196,37
"Corynebacterium_variabile",31.79747,28
"Corynebacterium_vitaeruminis",33.08725,30
"Corynebacterium_xerosis",33.246223,34.33333333
"Cronobacter_dublinensis",31.384127,37
"Cronobacter_malonaticus",31.384127,37
"Cronobacter_muytjensii",31.384127,28
"Cronobacter_sakazakii",31.384127,30
"Cronobacter_turicensis",31.340893,37
"Cryobacterium_arcticum",21.376724,20
"Cryobacterium_roopkundense",19.660955,15
"Cryptobacterium_curtum",33.410927,37
"Cryptosporangium_arvum",39.008583,28
"Cupriavidus_basilensis",28.027857,28.66666667
"Cupriavidus_gilardii",29.024511,37
"Cupriavidus_metallidurans",28.994488,30
"Cupriavidus_necator",29.028706,29.45
"Cupriavidus_taiwanensis",29.174105,28
"Curtobacterium_citreum",29.315382,30
"Curtobacterium_flaccumfaciens",29.404346,29.33333333
"Curtobacterium_luteum",30.121418,29
"Cyclobacterium_marinum",22.385931,22
"Cystobacter_fuscus",35.232796,28.07142857
"Cystobacter_violaceus",37.66089,28.08333333
"Cytophaga_hutchinsonii",23.8276,28
"Dechloromonas_denitrificans",28.43673,30
"Deferribacter_desulfuricans",62.2365,62
"Defluviitoga_tunisiensis",56.96437,55
"Dehalobacter_restrictus",34.201958,30
"Deinococcus_deserti",38.063087,28
"Deinococcus_geothermalis",47.579998,45
"Deinococcus_gobiensis",40.530666,28
"Deinococcus_maricopensis",40.87021,28
"Deinococcus_peraridilitoris",38.004627,28
"Deinococcus_proteolyticus",37.939404,30
"Deinococcus_radiodurans",37.939404,30.7
"Delftia_acidovorans",28.65914,29.77777778
"Delftia_tsuruhatensis",28.817715,31.5
"Denitrobacterium_detoxificans",33.90736,37
"Denitrovibrio_acetiphilus",34.8914,30
"Dermabacter_hominis",31.505112,37
"Dermacoccus_nishinomiyaensis",31.57668,30
"Desulfarculus_baarsii",40.8117,37
"Desulfatibacillum_alkenivorans",37.373512,30
"Desulfitobacterium_dehalogenans",34.59519,34.66666667
"Desulfitobacterium_hafniense",34.466473,35
"Desulfitobacterium_metallireducens",34.363068,30
"Desulfobacca_acetoxidans",39.5657,37
"Desulfobacter_postgatei",30.70905,30.66666667
"Desulfobacterium_autotrophicum",27.619804,26
"Desulfobacula_toluolica",30.730247,28
"Desulfobulbus_propionicus",32.525738,34.8
"Desulfocapsa_sulfexigens",25.388271,25
"Desulfococcus_multivorans",33.994804,36
"Desulfohalobium_retbaense",33.617966,35
"Desulfomicrobium_baculatum",32.078552,30
"Desulfomicrobium_orale",31.8574,37
"Desulfomonile_tiedjei",41.03672,37
"Desulfonatronospira_thiodismutans",35.051926,30
"Desulfosporosinus_acidiphilus",33.318127,30
"Desulfosporosinus_meridiei",32.531548,27
"Desulfosporosinus_orientis",33.50355,30
"Desulfosporosinus_youngiae",33.451214,35
"Desulfotalea_psychrophila",11.948676,7.5
"Desulfotignum_phosphitoxidans",31.679914,30
"Desulfotomaculum_acetoxidans",47.884445,37
"Desulfotomaculum_gibsoniae",35.462543,35
"Desulfotomaculum_hydrothermale",55.802742,55
"Desulfotomaculum_kuznetsovii",60.76084,60
"Desulfotomaculum_nigrificans",55.378807,53.18181818
"Desulfotomaculum_ruminis",53.265366,37
"Desulfovibrio_aespoeensis",31.987356,30
"Desulfovibrio_africanus",32.419872,31.75
"Desulfovibrio_alaskensis",33.07647,37
"Desulfovibrio_alkalitolerans",34.9577,40
"Desulfovibrio_desulfuricans",31.711687,31.9
"Desulfovibrio_fructosivorans",34.19139,37
"Desulfovibrio_gigas",33.56968,34
"Desulfovibrio_hydrothermalis",33.643417,35
"Desulfovibrio_magneticus",33.004074,30
"Desulfovibrio_piezophilus",31.706976,28
"Desulfovibrio_piger",33.139866,37
"Desulfovibrio_salexigens",33.326164,32.33333333
"Desulfovibrio_vulgaris",32.947533,33.4375
"Desulfurella_acetivorans",56.366905,55
"Desulfuribacillus_alkaliarsenatis",37.66664,30
"Desulfurispirillum_indicum",31.674953,28
"Desulfurivibrio_alkaliphilus",34.156536,30
"Desulfurobacterium_thermolithotrophum",71.7458,70
"Desulfuromonas_acetoxidans",32.45766,30
"Dethiobacter_alkaliphilus",44.33615,30
"Dethiosulfovibrio_peptidovorans",43.415417,42
"Devosia_chinhatensis",24.122557,28
"Devosia_insulae",26.019203,28
"Devosia_limi",21.794146,28
"Devosia_psychrophila",16.192099,10
"Devosia_riboflavina",24.547977,28
"Devosia_soli",24.241924,28
"Dialister_invisus",34.668465,35
"Dialister_micraerophilus",34.0929,37
"Dialister_pneumosintes",34.185898,37
"Dichelobacter_nodosus",28.568583,37
"Dickeya_chrysanthemi",31.106842,27.33333333
"Dickeya_dadantii",31.059221,29
"Dickeya_paradisiaca",31.154463,30
"Dickeya_zeae",31.273998,30
"Dictyoglomus_thermophilum",73.841835,70
"Dictyoglomus_turgidum",75.301735,75
"Dietzia_alimentaria",32.235855,28
"Dietzia_cinnamea",32.10318,28
"Dietzia_maris",32.1482,28
"Dinoroseobacter_shibae",24.238346,30
"Dokdonella_koreensis",29.93012,28
"Dokdonia_donghaensis",20.431358,30
"Dorea_formicigenerans",35.79323,37
"Dorea_longicatena",32.9374,37
"Dyadobacter_fermentans",27.002829,28
"Dyella_japonica",29.705278,30
"Dyella_thiooxydans",29.446718,28
"Dysgonomonas_gadei",27.954853,37
"Dysgonomonas_mossii",28.978773,37
"Echinicola_vietnamensis",23.003405,28
"Edwardsiella_hoshinae",31.307953,30
"Edwardsiella_ictaluri",31.069212,28
"Edwardsiella_tarda",31.154463,30
"Eggerthella_lenta",35.559452,37
"Eggerthia_catenaformis",34.22786,37
"Eikenella_corrodens",33.301712,37
"Elizabethkingia_meningoseptica",29.499676,37
"Elizabethkingia_miricola",30.544104,33.5
"Emticicia_oligotrophica",27.396832,28
"Endozoicomonas_elysicola",28.504332,28
"Enhygromyxa_salina",33.96534,30
"Ensifer_adhaerens",27.309513,28
"Enterobacter_aerogenes",31.80562,29.33333333
"Enterobacter_asburiae",31.718904,30
"Enterobacter_cloacae",31.718904,30.11111111
"Enterobacter_hormaechei",31.63682,30
"Enterobacter_ludwigii",31.415394,37
"Enterococcus_asini",33.69923,37
"Enterococcus_avium",33.48099,37
"Enterococcus_caccae",33.46805,37
"Enterococcus_casseliflavus",33.79238,37
"Enterococcus_cecorum",34.294415,37
"Enterococcus_columbae",34.14108,37
"Enterococcus_dispar",34.446136,37
"Enterococcus_durans",33.57019,37
"Enterococcus_faecalis",34.262993,36.4
"Enterococcus_faecium",33.48099,37
"Enterococcus_gallinarum",33.772457,37
"Enterococcus_gilvus",32.964417,37
"Enterococcus_haemoperoxidus",33.540607,37
"Enterococcus_hirae",34.033436,37
"Enterococcus_italicus",33.64645,37
"Enterococcus_malodoratus",33.258194,37
"Enterococcus_moraviensis",33.151535,37
"Enterococcus_mundtii",34.035103,37
"Enterococcus_pallens",33.46805,37
"Enterococcus_phoeniculicola",33.48099,37
"Enterococcus_quebecensis",33.57019,37
"Enterococcus_raffinosus",33.36312,37
"Enterococcus_saccharolyticus",34.070534,37
"Enterococcus_silesiacus",33.574577,37
"Enterococcus_sulfureus",33.64645,37
"Enterococcus_termitis",33.64645,37
"Enterococcus_thailandicus",33.493935,30
"Enterococcus_ureasiticus",33.493935,37
"Enterococcus_villorum",34.294415,37
"Enterorhabdus_caecimuris",35.695324,37
"Enterovibrio_coralii",28.121262,28
"Epilithonimonas_lactis",25.073994,28
"Eremococcus_coleocola",34.294415,37
"Erwinia_amylovora",30.154675,26.66666667
"Erwinia_billingiae",30.754965,30
"Erwinia_pyrifoliae",30.530424,30
"Erwinia_tasmaniensis",30.530424,28
"Erwinia_tracheiphila",30.708797,28
"Erysipelothrix_rhusiopathiae",31.28227,37
"Erythrobacter_litoralis",28.669853,28
"Erythrobacter_longus",27.457626,28
"Escherichia_albertii",32.35261,30
"Escherichia_coli",32.716663,35.83173077
"Escherichia_fergusonii",32.526386,34
"Ethanoligenens_harbinense",40.496315,37
"Eubacterium_brachy",33.529083,37
"Eubacterium_limosum",33.895386,37
"Eubacterium_nodatum",32.754597,37
"Eubacterium_ramulus",33.554756,37
"Eubacterium_ventriosum",33.04426,37
"Ewingella_americana",30.686075,30
"Exiguobacterium_antarcticum",29.148113,28
"Exiguobacterium_mexicanum",31.131634,28
"Exiguobacterium_sibiricum",29.567486,28
"Exiguobacterium_undae",30.471058,28
"Faecalibacterium_prausnitzii",32.458214,37
"Ferrimicrobium_acidiphilum",32.94726,32
"Ferrimonas_balearica",24.838715,28
"Fervidicola_ferrireducens",69.72082,70
"Fervidobacterium_islandicum",66.799774,62.5
"Fervidobacterium_nodosum",68.09532,70
"Fervidobacterium_pennivorans",66.86131,65
"Fibrella_aestuarina",27.659811,28
"Fibrisoma_limi",27.724583,28
"Gordonia_terrae",32.93393,31.27272727
"Flavobacterium_aquatile",19.033035,30
"Flavobacterium_aquidurense",21.653957,25
"Flavobacterium_columnare",17.694683,15
"Flavobacterium_daejeonense",21.223045,28
"Flavobacterium_frigoris",19.779009,20
"Flavobacterium_fryxellicola",20.19804,20
"Flavobacterium_hibernum",21.061605,20
"Flavobacterium_hydatis",20.670614,28
"Flavobacterium_indicum",21.234938,30
"Flavobacterium_johnsoniae",21.342674,30
"Flavobacterium_psychrophilum",18.900127,17
"Flavobacterium_reichenbachii",21.78671,24
"Flavobacterium_rivuli",21.204699,20
"Flavobacterium_saliperosum",22.223011,25
"Flavobacterium_subsaxonicum",22.192112,24
"Flavobacterium_succinicans",20.669918,28
"Flavobacterium_suncheonense",20.85067,28
"Flavonifractor_plautii",36.351807,37
"Flexibacter_litoralis",24.525671,30
"Flexistipes_sinusarabici",49.273746,45
"Fluoribacter_bozemanae",31.722769,37
"Fluoribacter_dumoffii",31.950304,37
"Fluoribacter_gormanii",31.776356,37
"Fluviicola_taffensis",27.788876,28
"Formosa_agariphila",20.91436,21
"Francisella_hispaniensis",24.977444,37
"Francisella_noatunensis",24.39883,23.33333333
"Francisella_philomiragia",24.64,37
"Francisella_tularensis",25.098461,37
"Frateuria_aurantia",28.566217,30
"Fructobacillus_fructosus",28.057907,30
"Fulvimarina_pelagi",28.106483,28
"Fusobacterium_equinum",31.065475,37
"Fusobacterium_mortiferum",28.379347,37
"Fusobacterium_necrophorum",30.885,37
"Fusobacterium_nucleatum",28.928984,37
"Fusobacterium_periodonticum",31.014452,37
"Fusobacterium_ulcerans",28.183996,37
"Fusobacterium_varium",28.442554,37
"Gallibacterium_anatis",32.35902,37
"Gardnerella_vaginalis",31.869478,37
"Gelidibacter_algens",17.056515,10
"Gemella_haemolysans",34.358337,37
"Gemella_morbillorum",34.37039,37
"Gemmatimonas_aurantiaca",35.800537,30
"Geoalkalibacter_ferrihydriticus",33.949905,35
"Geoalkalibacter_subterraneus",36.073406,40
"Geobacillus_caldoxylosilyticus",56.86223,55
"Geobacillus_kaustophilus",58.235188,60.5
"Geobacillus_subterraneus",57.79001,55
"Geobacillus_thermodenitrificans",58.03031,59.09090909
"Geobacillus_thermoglucosidasius",56.458138,55
"Geobacillus_thermoleovorans",57.938965,55.71428571
"Geobacter_bemidjiensis",30.495281,30
"Geobacter_daltonii",31.225155,30
"Geobacter_lovleyi",27.889196,25
"Geobacter_metallireducens",31.44855,30
"Geobacter_pickeringii",32.58554,30
"Geobacter_sulfurreducens",32.29748,31.66666667
"Geodermatophilus_obscurus",36.832558,28
"Gillisia_limnaea",19.134438,20
"Glaciecola_pallidula",13.709317,7
"Glaciecola_punicea",14.859449,10
"Gloeobacter_violaceus",28.222065,26
"Gluconacetobacter_diazotrophicus",29.241085,29
"Gluconobacter_frateurii",28.162489,26
"Gluconobacter_oxydans",28.335316,27
"Gordonia_aichiensis",32.037525,28
"Gordonia_alkanivorans",32.12193,29.5
"Gordonia_amarae",32.81973,31
"Gordonia_amicalis",32.68561,28
"Gordonia_araii",31.914368,28
"Gordonia_bronchialis",33.349243,28
"Gordonia_effusa",31.490753,28
"Gordonia_hirsuta",32.52276,28
"Gordonia_jacobaea",32.720158,28
"Gordonia_malaquae",31.121414,28
"Gordonia_namibiensis",32.658016,28
"Gordonia_otitidis",31.816341,28
"Gordonia_paraffinivorans",32.96321,28
"Gordonia_polyisoprenivorans",32.81973,28
"Gordonia_rhizosphera",32.608868,28
"Gordonia_rubripertincta",32.13034,31
"Gordonia_sihwensis",32.9442,28
"Gordonia_soli",32.56516,28
"Gordonia_sputi",32.623676,30.57142857
"Gordonibacter_pamelaeae",33.939064,37
"Gracilibacillus_boraciitolerans",34.369133,30
"Granulibacter_bethesdensis",31.081135,36
"Granulicatella_adiacens",32.502262,37
"Grimontia_hollisae",27.681652,30
"Haemophilus_ducreyi",32.47341,37
"Haemophilus_influenzae",32.67465,37
"Haemophilus_parahaemolyticus",33.048164,37
"Haemophilus_parainfluenzae",33.016655,37
"Haemophilus_paraphrohaemolyticus",32.67465,37
"Haemophilus_parasuis",32.47341,37
"Haemophilus_pittmaniae",33.44193,36
"Haemophilus_sputorum",32.514366,37
"Hafnia_alvei",30.459887,30
"Hafnia_paralvei",30.799778,28
"Halanaerobium_praevalens",34.58113,36
"Halanaerobium_saccharolyticum",34.663406,37
"Haliangium_ochraceum",35.12943,30
"Haliscomenobacter_hydrossis",26.712986,26
"Halobacillus_dabanensis",33.79088,30
"Halobacillus_halophilus",34.38656,30
"Halobacillus_karajensis",33.615234,38
"Halobacillus_trueperi",35.035957,30
"Halobacteroides_halobius",32.326744,31.5
"Halomonas_anticariensis",30.64668,30
"Halomonas_boliviensis",31.006382,28
"Halomonas_campaniensis",30.312532,37
"Halomonas_elongata",30.161129,29.2
"Halomonas_hydrothermalis",29.92996,28
"Halomonas_titanicae",30.56527,37
"Haloplasma_contractile",34.181023,35
"Halorhodospira_halochloris",31.604546,35.5
"Halorhodospira_halophila",29.215286,25
"Halotalea_alkalilenta",31.211529,28
"Halothiobacillus_neapolitanus",29.30945,29.28571429
"Helcococcus_kunzii",31.71,30
"Helicobacter_cinaedi",30.689054,37
"Helicobacter_fennelliae",32.499374,37
"Helicobacter_heilmannii",29.011986,37
"Helicobacter_hepaticus",30.950897,37
"Helicobacter_muridarum",32.347416,37
"Helicobacter_pullorum",31.622463,37
"Helicobacter_pylori",30.953661,37
"Kingella_kingae",33.938873,37
"Helicobacter_suis",33.72345,37
"Heliobacterium_modesticaldum",51.22239,50
"Herbaspirillum_frisingense",29.10466,35
"Herbaspirillum_hiltneri",26.747637,30
"Herbaspirillum_rubrisubalbicans",28.80585,27.5
"Herbaspirillum_seropedicae",28.827637,30
"Herminiimonas_arsenicoxydans",26.714777,28
"Herpetosiphon_aurantiacus",28.189299,26.66666667
"Hippea_maritima",56.808914,55
"Hirschia_baltica",27.339,30
"Hoeflea_phototrophica",27.326178,30
"Holdemania_filiformis",32.427437,37
"Hyalangium_minutum",33.932266,28.28571429
"Hydrocarboniphaga_effusa",29.854794,30
"Hydrogenobacter_thermophilus",74.81621,70
"Hydrogenophaga_intermedia",28.47572,28
"Hylemonella_gracilis",27.624277,30
"Hyphomicrobium_denitrificans",27.811543,30
"Hyphomicrobium_sulfonivorans",27.665606,30
"Hyphomonas_hirschiana",28.058634,30
"Hyphomonas_jannaschiana",27.23928,30
"Hyphomonas_neptunium",28.058634,26
"Hyphomonas_oceanitis",27.732275,30
"Hyphomonas_polymorpha",28.87568,35
"Idiomarina_abyssalis",26.996943,28
"Idiomarina_loihiensis",26.996943,30
"Idiomarina_salinarum",26.763535,37
"Ilyobacter_polytropus",31.03383,30
"Inquilinus_limosus",29.641144,30
"Intrasporangium_calvum",31.086634,28
"Intrasporangium_chromatireducens",31.592743,28
"Intrasporangium_oryzae",31.283676,28
"Isoptericola_variabilis",33.737007,28
"Janibacter_melonis",31.22102,28
"Jannaschia_rubra",24.165245,25
"Janthinobacterium_agaricidamnosum",23.399633,28
"Janthinobacterium_lividum",22.734299,19
"Jejuia_pallidilutea",22.220955,28
"Jeotgalibacillus_campisalis",30.77805,30
"Jeotgalibacillus_soli",29.960545,30
"Jeotgalibacillus_marinus",28.31985,10.47619048
"Jonesia_denitrificans",32.13374,33.5
"Jonquetella_anthropi",44.13777,37
"Joostella_marina",20.701843,28
"Kangiella_koreensis",26.668844,30
"Kerstersia_gyiorum",28.729847,37
"Kineococcus_radiotolerans",32.46699,30
"Kineosphaera_limosa",31.355427,28
"Kingella_denitrificans",33.789745,36
"Kingella_oralis",32.752415,37
"Kitasatospora_griseola",32.248055,28
"Klebsiella_oxytoca",31.80562,34.125
"Kocuria_flava",30.181856,28
"Klebsiella_pneumoniae",32.717667,34.44
"Kocuria_marina",31.1777,28
"Klebsiella_variicola",32.35261,30
"Kluyvera_ascorbata",31.80562,30
"Kluyvera_intermedia",31.488218,29
"Knoellia_aerolata",29.843983,28
"Knoellia_flava",28.980219,28
"Knoellia_sinensis",30.395267,28
"Knoellia_subterranea",29.70739,28
"Kocuria_kristinae",31.520596,34
"Kocuria_palustris",29.249737,30
"Kocuria_polaris",29.726927,28
"Kocuria_rhizophila",31.249613,31
"Kosmotoga_olearia",67.13332,65
"Kribbella_flavida",32.64313,28
"Ktedonobacter_racemifer",36.081287,28
"Kutzneria_albida",35.53737,28
"Kyrpidia_tusciae",53.542397,50
"Kytococcus_sedentarius",32.923847,30
"Labrenzia_aggregata",26.710005,28
"Labrenzia_alba",26.453737,25
"Labrenzia_alexandrii",26.710005,30
"Lactobacillus_acetotolerans",29.528473,27.33333333
"Lactobacillus_acidifarinae",30.200321,30
"Lactobacillus_acidipiscis",31.71208,33.5
"Lactobacillus_acidophilus",34.00421,37
"Lactobacillus_agilis",29.86439,37
"Lactobacillus_algidus",24.526209,20
"Lactobacillus_alimentarius",30.106167,30
"Lactobacillus_amylolyticus",36.484207,45
"Lactobacillus_amylophilus",30.200321,28
"Lactobacillus_amylotrophicus",30.017897,28
"Lactobacillus_amylovorus",34.00421,37
"Lactobacillus_animalis",30.161196,37
"Lactobacillus_antri",33.368587,37
"Lactobacillus_apodemi",30.96603,37
"Lactobacillus_aquaticus",29.383564,37
"Lactobacillus_aviarius",30.043907,37
"Lactobacillus_backii",31.384127,30
"Lactobacillus_bifermentans",32.476227,30
"Lactobacillus_brantae",29.677383,37
"Lactobacillus_brevis",29.657139,29.5
"Lactobacillus_buchneri",28.72199,37
"Lactobacillus_cacaonum",28.965048,30
"Lactobacillus_camelliae",30.995878,37
"Lactobacillus_capillatus",29.47933,30
"Lactobacillus_casei",32.26681,33.5
"Lactobacillus_ceti",30.200321,37
"Lactobacillus_coleohominis",32.174522,37
"Lactobacillus_collinoides",29.015202,26
"Lactobacillus_composti",29.56528,30
"Lactobacillus_concavus",29.991585,37
"Lactobacillus_coryniformis",31.287977,30
"Lactobacillus_crispatus",33.34044,37
"Lactobacillus_curvatus",26.407389,30
"Lactobacillus_delbrueckii",32.26681,37.38461538
"Lactobacillus_dextrinicus",29.727924,30
"Lactobacillus_diolivorans",29.274359,30
"Lactobacillus_equi",29.86439,37
"Lactobacillus_fabifermentans",30.735971,30
"Lactobacillus_farciminis",29.390337,30
"Lactobacillus_farraginis",29.383564,30
"Lactobacillus_fermentum",33.91967,35.25
"Lactobacillus_floricola",29.432129,30
"Lactobacillus_florum",28.932285,30
"Lactobacillus_fructivorans",28.155643,27.5
"Lactobacillus_frumenti",34.53033,40
"Lactobacillus_fuchuensis",23.280231,20
"Lactobacillus_gallinarum",33.412285,37
"Lactobacillus_gasseri",32.86609,37
"Lactobacillus_gastricus",32.678802,37
"Lactobacillus_ghanensis",30.072954,30
"Lactobacillus_graminis",26.164589,30
"Lactobacillus_hammesii",29.056925,30
"Lactobacillus_hamsteri",33.48413,37
"Lactobacillus_helveticus",33.61098,37
"Lactobacillus_hilgardii",29.344578,30
"Lactobacillus_homohiochii",27.988907,26
"Lactobacillus_hordei",28.873583,30
"Lactobacillus_iners",32.205383,37
"Lactobacillus_intestinalis",34.308174,37
"Lactobacillus_jensenii",32.53429,37
"Lactobacillus_johnsonii",32.351288,37
"Lactobacillus_kalixensis",34.011093,37
"Lactobacillus_kefiranofaciens",33.48413,28.66666667
"Lactobacillus_kefiri",29.383564,30
"Lactobacillus_kitasatonis",34.153557,37
"Lactobacillus_kunkeei",29.528065,30
"Lactobacillus_lindneri",29.003649,28
"Lactobacillus_malefermentans",30.23331,28.66666667
"Lactobacillus_mali",29.244648,30
"Lactobacillus_manihotivorans",31.242449,30
"Lactobacillus_mindensis",29.390337,30
"Lactobacillus_mucosae",32.86945,37
"Lactobacillus_murinus",29.86439,37
"Lactobacillus_namurensis",28.982468,30
"Lactobacillus_nantensis",29.448477,30
"Lactobacillus_nodensis",29.390337,30
"Lactobacillus_odoratitofui",30.63039,30
"Lactobacillus_oligofermentans",27.481531,25
"Lactobacillus_oris",33.368587,37
"Lactobacillus_otakiensis",29.383564,30
"Lactobacillus_ozensis",30.567602,30
"Lactobacillus_pantheris",31.103357,37
"Lactobacillus_parabuchneri",29.386951,28.8
"Lactobacillus_paracasei",32.26681,30.93333333
"Lactobacillus_paracollinoides",29.344578,27.5
"Lactobacillus_parafarraginis",29.22439,30
"Lactobacillus_paralimentarius",29.390337,30
"Lactobacillus_paraplantarum",31.726067,30
"Lactobacillus_paucivorans",28.991457,28
"Lactobacillus_pentosus",30.98262,30
"Lactobacillus_perolens",30.593157,28
"Lactobacillus_plantarum",31.417387,31.5
"Lactobacillus_psittaci",31.928686,37
"Lactobacillus_rapi",29.343132,30
"Lactobacillus_rennini",32.39141,32.33333333
"Lactobacillus_reuteri",34.202724,35
"Lactobacillus_rhamnosus",32.26681,37
"Lactobacillus_rossiae",30.13253,30
"Lactobacillus_ruminis",30.735971,37
"Lactobacillus_saerimneri",30.221956,37
"Lactobacillus_sakei",26.70898,30.77777778
"Lactobacillus_salivarius",29.572683,37
"Lactobacillus_sanfranciscensis",29.08959,29
"Lactobacillus_saniviri",30.224464,37
"Lactobacillus_satsumensis",30.015955,30
"Lactobacillus_secaliphilus",32.842186,37
"Lactobacillus_senioris",29.383564,37
"Lactobacillus_sharpeae",31.613567,30
"Lactobacillus_siliginis",30.23342,37
"Lactobacillus_similis",30.669796,35
"Lactobacillus_spicheri",29.333223,30
"Lactobacillus_sucicola",29.383564,30
"Lactobacillus_suebicus",30.70649,30
"Lactobacillus_sunkii",29.174305,30
"Lactobacillus_taiwanensis",32.45628,37
"Lactobacillus_thailandensis",30.745987,37
"Lactobacillus_tucceti",30.194435,30
"Lactobacillus_ultunensis",34.153557,37
"Lactobacillus_uvarum",29.383564,30
"Lactobacillus_vaccinostercus",30.300814,30
"Lactobacillus_vaginalis",33.689487,37
"Lactobacillus_versmoldensis",30.477882,30
"Lactobacillus_vini",29.91845,37
"Lactobacillus_zeae",32.26681,37
"Lactobacillus_zymae",29.333223,30
"Lactococcus_garvieae",32.94182,31.4
"Lactococcus_lactis",32.72829,30.17391304
"Lactococcus_piscium",34.08843,28
"Lactococcus_raffinolactis",35.13141,30
"Laribacter_hongkongensis",28.4181,37
"Lautropia_mirabilis",28.476088,37
"Leadbetterella_byssophila",27.603987,30
"Lechevalieria_aerocolonigenes",34.55326,28
"Leclercia_adecarboxylata",31.80099,37
"Legionella_anisa",31.776356,37
"Legionella_birminghamensis",31.870817,37
"Legionella_brunensis",30.897322,37
"Legionella_cherrii",31.760546,37
"Legionella_cincinnatiensis",31.730675,37
"Legionella_drozanskii",30.737535,30
"Legionella_erythra",31.459356,37
"Legionella_fallonii",31.068127,30
"Legionella_feeleii",30.897322,37
"Legionella_geestiana",31.348557,37
"Legionella_gratiana",32.323402,37
"Legionella_hackeliae",30.897322,37
"Legionella_israelensis",31.835463,37
"Legionella_jamestowniensis",30.99103,37
"Legionella_jordanis",31.776356,37
"Legionella_lansingensis",31.722769,37
"Legionella_londiniensis",31.418905,37
"Legionella_longbeachae",31.722769,37
"Legionella_moravica",30.015497,37
"Legionella_nautarum",31.760546,37
"Legionella_oakridgensis",31.503986,37
"Legionella_parisiensis",31.574068,37
"Legionella_pneumophila",32.84835,36.86363636
"Legionella_quinlivanii",31.965279,37
"Legionella_rubrilucens",30.737535,37
"Legionella_sainthelensi",31.574068,37
"Legionella_santicrucis",31.722769,30
"Legionella_shakespearei",30.957478,30
"Legionella_spiritensis",31.374275,37
"Legionella_steigerwaltii",31.107103,30
"Legionella_tucsonensis",31.684992,37
"Legionella_waltersii",32.481705,30
"Legionella_worsleiensis",29.903835,37
"Leifsonia_aquatica",27.580585,30
"Leifsonia_xyli",28.398748,28
"Leisingera_methylohalidivorans",22.686655,20
"Leptolinea_tardivitalis",46.6024,37
"Leptonema_illini",34.563313,30
"Leptospira_alexanderi",31.891493,30
"Leptospira_borgpetersenii",30.08623,30
"Leptospira_broomii",32.428814,30
"Leptospira_fainei",32.42881,30
"Leptospira_inadai",32.42881,30
"Leptospira_interrogans",32.711555,30
"Leptospira_kirschneri",31.56652,30
"Leptospira_meyeri",31.983566,30
"Leptospira_noguchii",31.891493,30
"Leptospira_santarosai",30.988861,30
"Leptospira_weilii",31.891493,30
"Leptospirillum_ferriphilum",41.04323,37
"Leptospirillum_ferrooxidans",38.678154,30
"Leptotrichia_buccalis",31.62084,37
"Leptotrichia_goodfellowii",32.409668,37
"Leptotrichia_hofstadii",31.71005,37
"Leptotrichia_wadei",30.01153,37
"Leucobacter_chromiiresistens",32.401497,37
"Leuconostoc_carnosum",27.137735,28
"Leuconostoc_citreum",27.137735,29
"Leuconostoc_gelidum",26.727959,25
"Leuconostoc_lactis",28.411356,30
"Leuconostoc_mesenteroides",28.400341,29.55555556
"Leuconostoc_pseudomesenteroides",28.514158,30
"Levilinea_saccharolytica",52.132023,37
"Limnohabitans_planktonicus",25.709898,20
"Listeria_grayi",32.97607,37
"Listeria_innocua",32.624603,37
"Listeria_ivanovii",32.67113,37
"Listeria_monocytogenes",32.580273,37
"Listeria_rocourtiae",32.893295,30
"Listeria_seeligeri",32.67113,37
"Listeria_welshimeri",32.670036,37
"Litoreibacter_arenae",23.35145,28
"Loktanella_hongkongensis",25.003603,30
"Loktanella_vestfoldensis",21.965837,20
"Luteibacter_yeojuensis",29.446718,28
"Lutibaculum_baratangense",29.104778,28
"Lysinibacillus_fusiformis",32.523533,29.33333333
"Lysinibacillus_macroides",32.287094,30
"Lysinibacillus_sphaericus",32.33699,36.78571429
"Lysinibacillus_xylanilyticus",32.593273,30
"Lysobacter_antibioticus",30.33678,30
"Lysobacter_capsici",29.483017,28
"Lysobacter_concretionis",28.442781,30
"Lysobacter_daejeonensis",29.307774,28
"Lysobacter_defluvii",30.418774,30
"Lysobacter_dokdonensis",29.304634,28
"Lysobacter_enzymogenes",29.217716,29.33333333
"Lysobacter_gummosus",30.33678,30
"Macrococcus_caseolyticus",31.15495,37
"Magnetospirillum_gryphiswaldense",27.990744,30
"Magnetospirillum_magnetotacticum",27.647854,30
"Mahella_australiensis",52.6861,50
"Mannheimia_haemolytica",32.67465,37
"Mannheimia_varigena",32.49389,37
"Maribacter_dokdonensis",21.337908,28
"Maricaulis_maris",27.438408,26
"Marichromatium_gracile",26.040022,25
"Marichromatium_purpuratum",25.995584,25
"Marinithermus_hydrothermalis",68.8419,70
"Marinitoga_piezophila",66.05547,65
"Marinobacter_adhaerens",27.219015,37
"Marinobacter_algicola",27.648094,28
"Marinobacter_hydrocarbonoclasticus",27.961302,28.66666667
"Marinobacter_lipolyticus",27.496693,37
"Marinobacter_santoriniensis",27.884382,37
"Marinomonas_mediterranea",27.721498,25
"Marinomonas_ushuaiensis",26.777899,28
"Marinovum_algicola",23.926739,28
"Mariprofundus_ferrooxydans",26.696264,25
"Marivirga_tractuosa",23.711245,25
"Marvinbryantia_formatexigens",34.25918,37
"Massilia_timonae",27.345232,30
"Megamonas_funiformis",33.448425,37
"Megasphaera_cerevisiae",34.065254,30
"Megasphaera_elsdenii",34.03115,37
"Megasphaera_micronuciformis",33.261467,37
"Meiothermus_ruber",56.825127,57.5
"Meiothermus_silvanus",52.792637,50
"Meiothermus_taiwanensis",56.825127,55
"Mesoplasma_florum",29.616842,30
"Mesorhizobium_amorphae",27.298609,28
"Mesorhizobium_ciceri",27.008896,26
"Mesorhizobium_huakuii",27.008896,30
"Mesorhizobium_loti",27.008896,26
"Mesorhizobium_plurifarium",27.24267,30
"Mesotoga_prima",57.84826,37
"Methylibium_petroleiphilum",27.448362,26
"Methylobacillus_flagellatus",30.734333,34.66666667
"Methylobacterium_aquaticum",27.846663,28
"Methylobacterium_extorquens",28.305641,29.36363636
"Methylobacterium_mesophilicum",27.509964,25.66666667
"Methylobacterium_oryzae",27.673216,28
"Methylobacterium_radiotolerans",27.13625,26
"Methylobacterium_variabile",27.868675,28
"Methylocella_silvestris",26.519712,25
"Methylococcus_capsulatus",34.962418,42.33333333
"Methylomicrobium_album",29.544436,30
"Methylomicrobium_alcaliphilum",28.90342,28
"Methylomonas_methanica",28.836712,28
"Methylophaga_thiooxydans",27.109015,28
"Methylotenera_mobilis",27.405611,30
"Methyloversatilis_universalis",27.859436,30
"Microbacterium_azadirachtae",29.263502,28
"Microbacterium_chocolatum",30.333693,28
"Microbacterium_foliorum",29.383057,28
"Microbacterium_ginsengisoli",29.955545,28
"Microbacterium_hominis",30.624748,30
"Microbacterium_hydrocarbonoxydans",29.336895,28
"Microbacterium_ketosireducens",30.15929,30
"Microbacterium_laevaniformans",28.536768,30
"Microbacterium_oleivorans",29.383057,28
"Microbacterium_oxydans",28.896585,30
"Microbacterium_testaceum",30.423393,30
"Microbacterium_trichothecenolyticum",29.82418,30
"Microbulbifer_thermotolerans",36.388966,42
"Micrococcus_luteus",30.806349,28.39285714
"Microlunatus_phosphovorus",34.048374,30
"Micromonospora_aurantiaca",32.65159,34
"Micromonospora_carbonacea",31.547304,28
"Micromonospora_lupini",33.396408,28
"Micromonospora_rifamycinica",31.547304,28
"Micromonospora_rosaria",32.189358,28
"Microscilla_marina",22.565891,22
"Microterricola_viridarii",27.3063,28
"Mitsuokella_multacida",34.0587,37
"Mobiluncus_curtisii",32.846817,37
"Mobiluncus_mulieris",32.501194,37
"Modestobacter_marinus",35.746056,28
"Moellerella_wisconsensis",30.99382,37
"Mogibacterium_timidum",34.08107,37
"Moorella_glycerini",60.936726,60
"Moorella_thermoacetica",59.96218,57.73076923
"Moraxella_atlantae",26.409723,37
"Moraxella_bovoculi",25.783918,37
"Moraxella_catarrhalis",25.50598,37
"Moraxella_lacunata",26.707142,30
"Moraxella_nonliquefaciens",25.712114,37
"Moraxella_osloensis",25.652756,30.75
"Moraxella_ovis",25.783918,30
"Morganella_morganii",31.595636,37
"Moritella_viscosa",12.863746,12.5
"Morococcus_cerebrosus",33.483135,37
"Mucilaginibacter_paludis",24.08962,25
"Muricauda_ruestringensis",23.0906,30
"Mycobacterium_arupense",33.891518,37
"Mycobacterium_abscessus",34.0723,35.5
"Mycobacterium_aromaticivorans",34.05162,28
"Mycobacterium_asiaticum",33.67251,37
"Mycobacterium_avium",33.718857,37
"Mycobacterium_bohemicum",33.82189,37
"Mycobacterium_bovis",33.673683,37
"Mycobacterium_chelonae",34.144093,35.61538462
"Mycobacterium_chlorophenolicum",34.16089,28
"Mycobacterium_chubuense",33.867836,37
"Mycobacterium_colombiense",33.812996,37
"Mycobacterium_conceptionense",34.32823,37
"Mycobacterium_cosmeticum",34.32823,37
"Mycobacterium_elephantis",33.94019,37
"Mycobacterium_europaeum",34.029587,37
"Mycobacterium_farcinogenes",34.69895,36.47058824
"Mycobacterium_flavescens",34.339195,37
"Mycobacterium_fortuitum",33.784775,37.06666667
"Mycobacterium_gastri",33.98398,37
"Mycobacterium_gilvum",34.302277,34.22222222
"Mycobacterium_gordonae",33.22957,37
"Mycobacterium_haemophilum",33.69627,30
"Mycobacterium_hassiacum",35.50057,37
"Mycobacterium_heckeshornense",35.858868,42.33333333
"Mycobacterium_holsaticum",34.35419,37
"Mycobacterium_immunogenum",34.05162,37
"Mycobacterium_intermedium",33.98506,37
"Mycobacterium_intracellulare",33.83156,34.75
"Mycobacterium_kansasii",34.222908,36.30769231
"Mycobacterium_kumamotonense",33.812996,37
"Mycobacterium_kyorinense",33.925434,37
"Mycobacterium_lentiflavum",33.278015,37
"Mycobacterium_llatzerense",34.094986,28
"Mycobacterium_mageritense",34.240814,37
"Mycobacterium_malmoense",33.82189,37
"Mycobacterium_marinum",32.953392,29.57142857
"Mycobacterium_mucogenicum",34.35419,37
"Mycobacterium_nebraskense",33.803333,37
"Mycobacterium_neoaurum",34.03983,37
"Mycobacterium_neworleansense",33.986828,37
"Mycobacterium_novocastrense",34.217957,37
"Mycobacterium_obuense",34.109505,37
"Mycobacterium_parascrofulaceum",33.980293,37
"Mycobacterium_peregrinum",34.14029,37
"Mycobacterium_phlei",34.90793,36.41666667
"Mycobacterium_porcinum",34.094986,37
"Mycobacterium_pseudoshottsii",33.074738,25
"Mycobacterium_rhodesiae",34.18692,37
"Mycobacterium_rufum",33.98398,28
"Mycobacterium_scrofulaceum",33.784775,37
"Mycobacterium_senegalense",34.66862,36.4375
"Mycobacterium_setense",34.3647,37
"Mycobacterium_sherrisii",33.357113,37
"Mycobacterium_shimoidei",34.06881,37
"Mycobacterium_simiae",33.436325,37
"Mycobacterium_smegmatis",34.472687,36.66666667
"Mycobacterium_szulgai",33.137154,37
"Mycobacterium_thermoresistibile",35.867844,41
"Mycobacterium_triplex",33.321026,37
"Mycobacterium_triviale",33.751816,37
"Mycoplasma_agalactiae",14.44174,10
"Mycobacterium_vaccae",34.21266,37
"Mycobacterium_vanbaalenii",34.302277,30
"Mycobacterium_vulneris",34.117638,37
"Mycobacterium_xenopi",35.45143,37
"Mycoplasma_arginini",28.632269,37
"Mycoplasma_arthritidis",30.886335,37
"Mycoplasma_bovis",15.875099,37
"Mycoplasma_bovoculi",26.901981,37
"Mycoplasma_californicum",23.047724,37
"Mycoplasma_dispar",29.220747,37
"Mycoplasma_fermentans",24.333576,37
"Mycoplasma_gallinarum",23.836603,37
"Mycoplasma_gallisepticum",31.264523,37
"Mycoplasma_genitalium",33.45923,37
"Mycoplasma_hominis",29.489433,37
"Mycoplasma_hyorhinis",26.128649,37
"Mycoplasma_leachii",32.476074,37
"Mycoplasma_meleagridis",24.100817,37
"Mycoplasma_mycoides",32.45575,37
"Mycoplasma_penetrans",32.273415,37
"Mycoplasma_pneumoniae",34.39052,36.6
"Mycoplasma_pulmonis",24.28427,37
"Mycoplasma_synoviae",27.232025,37
"Mycoplasma_yeatsii",31.600792,37
"Myroides_marinus",18.646414,28
"Myroides_odoratus",20.027262,30
"Myroides_profundi",16.92736,15
"Myxococcus_fulvus",35.506428,28.01886792
"Myxococcus_stipitatus",35.833412,28.08333333
"Myxococcus_xanthus",33.932266,28.06956522
"Nakamurella_multipartita",33.526398,28
"Natranaerobius_thermophilus",52.286186,50
"Nautilia_profundicola",43.898903,40
"Neisseria_bacilliformis",33.30362,37
"Neisseria_cinerea",33.483135,30
"Neisseria_elongata",33.63564,34
"Neisseria_flavescens",33.605835,37
"Neisseria_gonorrhoeae",33.768974,36.91666667
"Neisseria_weaveri",33.483135,37
"Neisseria_lactamica",33.483135,35
"Neisseria_macacae",33.483135,37
"Nocardia_farcinica",32.212646,31.73333333
"Neisseria_meningitidis",33.813198,37
"Neisseria_mucosa",33.605835,30
"Neisseria_polysaccharea",33.41181,37
"Neisseria_shayeganii",32.822243,37
"Neisseria_sicca",33.41181,37
"Neisseria_subflava",33.46099,30
"Neisseria_wadsworthii",33.301712,37
"Nereida_ignava",23.447775,25
"Nesterenkonia_jeotgali",29.738108,28
"Niabella_soli",27.387758,37
"Niastella_koreensis",26.87895,28
"Nitratifractor_salsuginis",32.369102,37
"Nitratireductor_aquibiodomus",26.930223,28
"Nitrobacter_hamburgensis",28.395895,28
"Nitrobacter_winogradskyi",27.111883,28
"Nitrosomonas_europaea",28.582922,30
"Nocardia_asteroides",31.536137,29.89473684
"Nocardia_brasiliensis",31.821869,32.5
"Nocardia_cyriacigeorgica",31.837412,29.5
"Nocardia_nova",32.754704,29
"Nocardia_seriolae",32.754704,28
"Nocardia_terpenica",32.754704,28
"Nocardioides_dokdonensis",32.651043,28
"Nocardioides_luteus",31.815523,28
"Nocardiopsis_alba",43.6282,28
"Nocardiopsis_dassonvillei",43.575233,28.6
"Nonlabens_dokdonensis",23.19708,25
"Nonlabens_ulvanivorans",21.17111,20
"Novosphingobium_aromaticivorans",27.341898,30
"Novosphingobium_nitrogenifigens",28.155851,28
"Novosphingobium_pentaromativorans",28.20533,30
"Novosphingobium_resinovorum",27.640507,27.25
"Novosphingobium_subterraneum",26.81696,30
"Novosphingobium_tardaugens",27.602674,28
"Obesumbacterium_proteus",30.459887,30
"Oceanibaculum_pacificum",28.813057,28
"Oceanibulbus_indolifex",23.608,28
"Oceanicola_granulosus",24.53264,30
"Oceanithermus_profundus",64.19789,60
"Oceanobacillus_caeni",32.472435,30
"Oceanobacillus_iheyensis",32.17771,28
"Oceanobacillus_oncorhynchi",31.060211,30
"Oceanobacillus_picturae",31.562305,28
"Ochrobactrum_anthropi",27.801464,27.25
"Ochrobactrum_intermedium",27.78654,30
"Ochrobactrum_pseudogrignonense",27.824232,30
"Octadecabacter_arcticus",14.270282,4
"Odoribacter_laneus",28.64665,37
"Odoribacter_splanchnicus",28.582466,37
"Oenococcus_kitaharae",31.533203,30
"Oenococcus_oeni",32.07336,31.75
"Oerskovia_enterophila",31.157452,28
"Oleispira_antarctica",17.01883,15
"Oligella_urethralis",27.003944,37
"Oligotropha_carboxidovorans",26.974741,30
"Olsenella_profusa",34.390236,37
"Olsenella_uli",36.243965,37
"Opitutus_terrae",33.185875,28
"Oribacterium_sinus",33.54308,37
"Ornithobacterium_rhinotracheale",31.350622,35
"Oscillibacter_valericigenes",32.600063,30
"Owenweeksia_hongkongensis",23.959866,30
"Oxalobacter_formigenes",27.532293,37
"Oxobacter_pfennigii",38.058846,37
"Paenibacillus_alvei",33.260414,30
"Paenibacillus_amylolyticus",26.006332,30
"Paenibacillus_barengoltzii",30.29391,30
"Paenibacillus_beijingensis",37.21708,30
"Paenibacillus_borealis",26.445847,30
"Paenibacillus_curdlanolyticus",33.747284,30
"Paenibacillus_durus",31.099915,30
"Paenibacillus_elgii",35.228577,30
"Paenibacillus_glacialis",23.075697,22
"Paenibacillus_glucanolyticus",28.907202,29
"Paenibacillus_graminis",26.006332,30
"Paenibacillus_lactis",30.375948,30
"Paenibacillus_larvae",33.34687,32.6
"Paenibacillus_macerans",31.865149,30
"Paenibacillus_macquariensis",23.32295,22.66666667
"Paenibacillus_mucilaginosus",34.741547,37
"Paenibacillus_naphthalenovorans",35.020218,30
"Paenibacillus_odorifer",26.314127,30
"Paenibacillus_peoriae",28.077873,30
"Paenibacillus_polymyxa",28.077873,30
"Paenibacillus_popilliae",35.684204,30
"Paenibacillus_sabinae",31.747667,30
"Paenibacillus_stellifer",30.140516,30
"Paenibacillus_wynnii",24.391426,22
"Paludibacter_propionicigenes",29.78619,37
"Pandoraea_apista",28.828331,37
"Pandoraea_faecigallinarum",28.63238,28
"Pandoraea_oxalativorans",28.006536,28
"Pandoraea_pnomenusa",28.828331,37
"Pandoraea_pulmonicola",28.4181,37
"Pandoraea_sputorum",28.006536,37
"Pandoraea_vervacti",28.460854,28
"Pannonibacter_phragmitetus",27.07372,28
"Pantoea_agglomerans",29.97724,28.75
"Pantoea_ananatis",30.530424,28.66666667
"Pantoea_anthophila",29.97724,28
"Pantoea_dispersa",30.754965,30
"Pantoea_stewartii",30.754965,27
"Pantoea_vagans",30.12223,28
"Parabacteroides_distasonis",30.848942,37
"Parabacteroides_goldsteinii",30.08658,37
"Parabacteroides_gordonii",31.418818,37
"Parabacteroides_johnsonii",31.129198,37
"Parabacteroides_merdae",30.43139,37
"Paracoccus_aminophilus",25.047388,30
"Paracoccus_denitrificans",27.912893,29.84615385
"Paracoccus_versutus",27.667465,30
"Paraprevotella_clara",30.218626,37
"Paraprevotella_xylaniphila",29.988049,37
"Parascardovia_denticolens",32.898487,37
"Parvibaculum_lavamentivorans",27.617365,30
"Parvimonas_micra",34.53509,37
"Pasteurella_bettyae",31.70341,37
"Pasteurella_dagmatis",31.521793,37
"Pasteurella_multocida",31.585459,37
"Pectobacterium_atrosepticum",30.59616,27.4
"Pectobacterium_betavasculorum",30.784595,30
"Pectobacterium_carotovorum",31.012642,26.5
"Pectobacterium_wasabiae",30.4644,28
"Pediococcus_argentinicus",28.310263,30
"Pediococcus_cellicola",28.104763,30
"Pediococcus_claussenii",28.8692,28
"Pediococcus_damnosus",28.197227,26
"Pediococcus_ethanolidurans",27.993324,37
"Pediococcus_inopinatus",28.115911,30
"Pediococcus_parvulus",28.651258,30
"Pediococcus_pentosaceus",28.76012,30.875
"Pediococcus_stilesii",28.625631,30
"Pedobacter_cryoconitis",21.499165,20
"Pedobacter_glucosidilyticus",23.203178,28
"Pedobacter_heparinus",23.642853,28
"Pedobacter_steynii",22.93815,25
"Pelagibacterium_halotolerans",26.632915,28
"Pelobacter_carbinolicus",34.160667,30
"Pelobacter_propionicus",30.297577,30
"Pelosinus_fermentans",27.691294,25
"Pelotomaculum_thermopropionicum",58.51176,55
"Peptoniphilus_harei",33.13594,37
"Peptoniphilus_indolicus",37.04021,37
"Peptoniphilus_lacrimalis",35.158016,37
"Peptostreptococcus_anaerobius",32.687183,37
"Peptostreptococcus_stomatis",35.62349,37
"Persephonella_marina",71.33923,70
"Petrotoga_mobilis",57.500397,55
"Phaeobacter_gallaeciensis",23.264112,28
"Phaeobacter_inhibens",23.376097,25
"Phaeospirillum_fulvum",27.071272,25.71428571
"Phaeospirillum_molischianum",27.124056,25
"Phenylobacterium_zucineum",27.55288,30
"Photobacterium_aphoticum",24.81029,28
"Photobacterium_ganghwense",25.536417,28
"Photobacterium_profundum",15.953902,12.5
"Photobacterium_swingsii",25.06002,25
"Photorhabdus_asymbiotica",30.40658,29
"Photorhabdus_luminescens",30.59616,28.66666667
"Photorhabdus_temperata",31.273998,28.66666667
"Pirellula_staleyi",28.17367,26
"Planococcus_antarcticus",25.140703,25
"Planococcus_donghaensis",25.162844,28
"Planococcus_halocryophilus",24.666836,20
"Planococcus_kocurii",25.140703,30
"Planococcus_maritimus",25.884588,28
"Planococcus_plakortidis",28.63382,28
"Planococcus_rifietoensis",25.998365,28
"Planomonospora_sphaerica",36.131493,28
"Plesiocystis_pacifica",35.738953,30
"Plesiomonas_shigelloides",31.384127,32.5
"Polaribacter_dokdonensis",22.882626,25
"Polaromonas_naphthalenivorans",22.978392,20
"Polynucleobacter_necessarius",24.794607,24.75
"Pontibacillus_halophilus",34.302338,28
"Pontibacillus_litoralis",34.358337,30
"Pontibacillus_marinus",34.9079,30
"Porphyrobacter_dokdonensis",27.781464,30
"Porphyrobacter_neustonensis",28.398054,30
"Porphyromonas_asaccharolytica",29.523602,37
"Porphyromonas_catoniae",28.980509,37
"Porphyromonas_endodontalis",28.648087,37
"Porphyromonas_gingivalis",29.842697,37
"Porphyromonas_gulae",29.8427,37
"Porphyromonas_macacae",31.043835,37
"Porphyromonas_somerae",29.00821,37
"Porphyromonas_uenonis",29.51809,37
"Pragia_fontium",30.530424,30
"Prevotella_amnii",29.403015,37
"Prevotella_baroniae",33.577652,35
"Prevotella_bergensis",30.630854,37
"Prevotella_bivia",29.450062,37
"Prevotella_bryantii",29.830566,37
"Prevotella_buccae",32.023052,37
"Prevotella_copri",31.378819,37
"Prevotella_dentalis",30.71062,37
"Prevotella_denticola",31.305075,37
"Prevotella_disiens",29.169216,37
"Prevotella_fusca",30.730421,37
"Prevotella_histicola",31.193947,37
"Prevotella_intermedia",30.76482,37
"Prevotella_loescheii",29.81699,37
"Prevotella_marshii",31.504726,37
"Prevotella_melaninogenica",30.461208,37
"Prevotella_micans",31.801495,37
"Prevotella_multiformis",31.883532,37
"Prevotella_multisaccharivorax",30.821888,37
"Prevotella_nigrescens",30.374561,37
"Prevotella_oralis",32.28938,37
"Prevotella_oris",32.01742,37
"Prevotella_pallens",30.836107,37
"Prevotella_scopos",30.687077,37
"Prevotella_timonensis",31.3446,37
"Prevotella_veroralis",31.379765,37
"Propionibacterium_acidifaciens",34.115395,35
"Propionibacterium_acnes",35.363953,37
"Propionibacterium_freudenreichii",34.129517,30
"Propionimicrobium_lymphophilum",33.489223,37
"Prosthecochloris_aestuarii",26.91203,25
"Proteus_hauseri",32.656742,37
"Proteus_mirabilis",33.222,35.72727273
"Proteus_penneri",32.831158,37
"Proteus_vulgaris",33.437405,34
"Providencia_alcalifaciens",32.586983,37
"Providencia_burhodogranariea",32.686703,28
"Providencia_heimbachae",32.47317,37
"Providencia_rettgeri",32.586983,37
"Providencia_rustigianii",32.686703,36.5
"Providencia_sneebia",32.686703,28
"Providencia_stuartii",32.716663,35.5
"Pseudacidovorax_intermedius",27.937792,28
"Pseudoalteromonas_agarivorans",23.028944,25
"Pseudoalteromonas_atlantica",22.832945,26
"Pseudoalteromonas_flavipulchra",22.942543,28
"Pseudoalteromonas_haloplanktis",23.037592,23
"Pseudoalteromonas_issachenkonii",22.740171,22
"Pseudoalteromonas_lipolytica",22.740171,28
"Pseudoalteromonas_luteoviolacea",25.732462,26
"Pseudoalteromonas_rubra",25.135916,25
"Pseudoalteromonas_tetraodonis",22.62364,20
"Pseudoalteromonas_translucida",22.740171,28
"Pseudoalteromonas_tunicata",24.009932,25
"Pseudoflavonifractor_capillosus",36.81924,37
"Pseudomonas_aeruginosa",30.56918,33.69607843
"Pseudomonas_lini",27.318636,28
"Pseudomonas_lundensis",27.318636,25
"Pseudomonas_agarici",27.318636,30
"Pseudomonas_alcaligenes",28.555832,27
"Pseudomonas_amygdali",27.428625,27
"Pseudomonas_antarctica",27.318636,28
"Pseudomonas_avellanae",26.72831,25
"Pseudomonas_azotoformans",27.318636,28
"Pseudomonas_balearica",28.956846,30
"Pseudomonas_bauzanensis",28.452381,28
"Pseudomonas_brassicacearum",27.326864,29
"Pseudomonas_cannabina",27.064732,28
"Pseudomonas_caricapapayae",27.085583,28
"Pseudomonas_chlororaphis",28.37105,27.5
"Pseudomonas_cichorii",27.368452,27
"Pseudomonas_citronellolis",29.341785,29.5
"Pseudomonas_congelans",27.225578,28
"Pseudomonas_corrugata",27.318636,26
"Pseudomonas_cremoricolorata",27.442797,30
"Pseudomonas_extremaustralis",27.318636,29
"Pseudomonas_ficuserectae",26.72831,28
"Pseudomonas_fluorescens",27.67595,28.90697674
"Pseudomonas_fragi",27.110712,26
"Pseudomonas_frederiksbergensis",27.318636,30
"Pseudomonas_fulva",28.363964,28
"Pseudomonas_fuscovaginae",27.368452,28
"Pseudomonas_graminis",27.318636,28
"Pseudomonas_kilonensis",27.318636,28
"Pseudomonas_knackmussii",29.525238,30
"Pseudomonas_koreensis",27.318636,30
"Pseudomonas_libanensis",27.318636,28
"Pseudomonas_lutea",27.318636,30
"Pseudomonas_mandelii",27.318636,30
"Pseudomonas_marginalis",27.318636,27.25
"Pseudomonas_mediterranea",27.318636,30
"Pseudomonas_meliae",26.961933,28
"Pseudomonas_mendocina",28.810095,30
"Pseudomonas_monteilii",27.368452,29
"Pseudomonas_moraviensis",27.318636,28
"Pseudomonas_mosselii",27.368452,30
"Pseudomonas_orientalis",27.380716,30
"Pseudomonas_oryzihabitans",29.184868,28
"Pseudomonas_parafulva",27.442797,30
"Pseudomonas_plecoglossicida",27.442797,28
"Pseudomonas_poae",27.318636,28
"Pseudomonas_protegens",27.936682,28
"Pseudomonas_psychrophila",26.942112,25
"Pseudomonas_psychrotolerans",28.810095,28
"Pseudomonas_putida",27.34425,27.88135593
"Pseudomonas_resinovorans",28.824287,28
"Pseudomonas_rhizosphaerae",26.996943,25
"Pseudomonas_simiae",27.318636,28
"Pseudomonas_savastanoi",26.996943,27
"Pseudomonas_stutzeri",28.810095,30.45454545
"Pseudomonas_synxantha",27.318636,29
"Pseudomonas_syringae",26.996943,25.81481481
"Pseudomonas_taetrolens",27.047226,28
"Pseudomonas_taiwanensis",27.756958,28
"Pseudomonas_thivervalensis",27.318636,30
"Pseudomonas_tremae",27.13252,30
"Pseudomonas_trivialis",27.318636,28
"Pseudomonas_veronii",27.318636,29.33333333
"Pseudomonas_viridiflava",27.318636,28
"Pseudomonas_xanthomarina",28.555893,28
"Pseudonocardia_dioxanivorans",36.188225,28
"Pseudoramibacter_alactolyticus",34.013027,37
"Pseudoxanthomonas_dokdonensis",29.75025,28
"Pseudoxanthomonas_spadix",30.760324,35
"Pseudoxanthomonas_suwonensis",29.517237,30
"Psychrobacter_alimentarius",19.189754,28
"Psychrobacter_aquaticus",19.189756,22
"Psychrobacter_arcticus",18.24241,14.375
"Psychrobacter_cryohalolentis",18.104622,21.66666667
"Psychrobacter_urativorans",16.265781,13.33333333
"Psychroflexus_gondwanensis",19.683073,27
"Psychroflexus_torquis",15.888116,5
"Psychromonas_ingrahamii",12.821177,12
"Pyramidobacter_piscolens",40.74991,37
"Rahnella_aquatilis",30.146656,30
"Ralstonia_insidiosa",28.626888,28
"Ralstonia_mannitolilytica",28.984251,28
"Ralstonia_pickettii",29.139381,30
"Ralstonia_solanacearum",28.962465,29.5
"Ramlibacter_tataouinensis",27.758736,30
"Raoultella_ornithinolytica",31.80099,30
"Raoultella_planticola",31.893444,32.33333333
"Rathayibacter_toxicus",27.8212,28
"Rathayibacter_tritici",27.684696,28
"Renibacterium_salmoninarum",21.8526,15
"Rhizobium_etli",26.470642,28
"Rhizobium_leguminosarum",26.422554,26
"Rhizobium_phaseoli",26.470642,26
"Rhizobium_rhizogenes",26.633345,26
"Rhizobium_tropici",26.839567,30
"Rhodanobacter_denitrificans",29.652264,29
"Rhodanobacter_fulvus",28.635292,28
"Rhodanobacter_spathiphylli",28.604849,30
"Rhodanobacter_thiooxydans",29.316006,28
"Rhodobacter_capsulatus",28.218252,27.72727273
"Rhodobacter_johrii",28.846207,28
"Rhodobacter_sphaeroides",28.235435,28.16
"Roseburia_faecis",32.94055,37
"Rhodococcus_aetherivorans",32.2682,29
"Rhodococcus_equi",31.89252,28
"Rhodococcus_erythropolis",31.580528,28
"Rhodococcus_fascians",29.914135,27.7
"Rhodococcus_jostii",30.979736,28
"Rhodococcus_kyotonensis",31.366886,28
"Rhodococcus_opacus",30.49849,27.18518519
"Rhodococcus_pyridinivorans",31.819258,29
"Rhodococcus_qingshengii",31.699034,28
"Rhodococcus_rhodnii",32.381886,29
"Rhodococcus_rhodochrous",31.819258,28.08
"Rhodococcus_ruber",31.757889,27.88888889
"Rhodococcus_triatomae",32.78975,28
"Rhodococcus_wratislaviensis",31.334316,28
"Rhodoferax_ferrireducens",25.791693,26
"Rhodomicrobium_vannielii",27.070616,25.2
"Rhodonellum_psychrophilum",17.268904,15
"Rhodopirellula_baltica",26.99265,25
"Rhodopseudomonas_palustris",27.351315,28.2826087
"Rhodospirillum_centenum",30.443747,33.5
"Rhodospirillum_rubrum",28.251514,27.45
"Rhodothermus_marinus",68.54544,68.33333333
"Rhodovulum_sulfidophilum",25.16683,25.33333333
"Rickettsia_hoogstraalii",28.91902,28
"Riemerella_anatipestifer",27.091534,37
"Robiginitalea_biformata",25.496588,30
"Roseateles_depolymerans",28.4181,30
"Roseburia_hominis",33.80332,37
"Roseburia_intestinalis",32.989464,37
"Roseibacterium_elongatum",25.283808,28
"Roseiflexus_castenholzii",51.308544,48
"Roseivivax_halodurans",27.607954,29
"Roseobacter_denitrificans",23.359077,23
"Roseobacter_litoralis",23.182331,20
"Roseomonas_mucosa",29.575352,28
"Roseovarius_mucosus",24.63526,27.5
"Roseovarius_nubinhibens",23.55164,30
"Roseovarius_tolerans",23.356688,20
"Rothia_aeria",28.779583,28
"Rothia_dentocariosa",29.379145,37
"Rothia_mucilaginosa",29.106215,29.5
"Rubellimicrobium_mesophilum",29.241087,28
"Rubellimicrobium_thermophilum",42.686966,48
"Rubrivivax_gelatinosus",28.4181,27.875
"Rubrobacter_radiotolerans",48.220367,37
"Rubrobacter_xylanophilus",57.14514,55
"Ruegeria_atlantica",23.264112,20
"Ruegeria_mobilis",22.952768,28
"Ruegeria_pomeroyi",24.99248,29.2
"Ruminococcus_albus",31.254343,37
"Ruminococcus_champanellensis",33.42819,37
"Ruminococcus_flavefaciens",32.380142,37
"Runella_slithyformis",27.762255,28
"Saccharibacillus_sacchari",30.210918,30
"Saccharomonospora_azurea",46.756046,28
"Saccharomonospora_cyanea",49.056934,28
"Saccharomonospora_glauca",48.277214,46.75
"Saccharomonospora_marina",45.397823,28
"Saccharomonospora_viridis",49.95947,48.5
"Saccharomonospora_xinjiangensis",43.12635,28
"Saccharophagus_degradans",28.922426,28
"Saccharopolyspora_erythraea",33.52417,27.33333333
"Saccharopolyspora_rectivirgula",49.25239,51.25
"Saccharothrix_espanaensis",35.889328,28
"Sagittula_stellata",23.841942,28
"Salegentibacter_mishustinae",20.91436,28
"Salegentibacter_salarius",20.682583,28
"Salinibacter_ruber",53.654106,37
"Salinicoccus_halodurans",33.59479,28
"Salinicoccus_roseus",34.515007,36
"Salinisphaera_hydrothermalis",32.276417,28
"Salinisphaera_shabanensis",32.393368,35
"Salinispora_arenicola",31.747334,28
"Salinispora_tropica",31.102823,26.5
"Salipiger_mucosus",27.420443,30
"Salmonella_bongori",32.35261,33.5
"Sandaracinus_amylolyticus",37.342846,28
"Sanguibacter_keddieii",29.57929,30
"Saprospira_grandis",26.79842,28
"Scardovia_inopinata",33.220497,37
"Serratia_fonticola",30.4644,28.66666667
"Scardovia_wiggsiae",32.77865,35
"Salmonella_enterica",32.594917,36.44
"Schleiferia_thermophila",42.27864,45
"Sebaldella_termitidis",30.99369,37
"Segniliparus_rotundus",31.370983,28
"Selenomonas_artemidis",34.0643,37
"Selenomonas_flueggei",34.0643,37
"Selenomonas_noxia",34.003616,37
"Selenomonas_sputigena",34.374092,37
"Serratia_grimesii",29.665918,30
"Serratia_liquefaciens",30.4644,30
"Serratia_marcescens",30.530424,29.94915254
"Serratia_nematodiphila",30.670034,28
"Serratia_odorifera",29.665918,30
"Serratia_plymuthica",29.991547,27.66666667
"Serratia_proteamaculans",29.991547,30
"Serratia_rubidaea",30.27198,25.5
"Serratia_ureilytica",30.59616,37
"Serratia_symbiotica",30.4644,28
"Shewanella_baltica",24.33082,26.66666667
"Shewanella_benthica",19.521585,4
"Segniliparus_rugosus",32.183533,28
"Selenomonas_infelix",34.338722,37
"Selenomonas_ruminantium",34.784798,36
"Shewanella_colwelliana",22.201645,23
"Shewanella_denitrificans",23.072966,28.66666667
"Shewanella_frigidimarina",22.367277,20
"Shewanella_halifaxensis",21.23999,15
"Shewanella_loihica",22.581099,21
"Shewanella_oneidensis",24.274141,30
"Shewanella_pealeana",21.865782,26
"Shewanella_putrefaciens",24.132257,26.875
"Shewanella_sediminis",20.703554,20
"Shewanella_woodyi",21.23999,25.5
"Shigella_boydii",32.30314,37
"Shigella_dysenteriae",32.35261,37
"Shigella_flexneri",32.35261,37
"Shigella_sonnei",32.35261,37
"Sinomonas_atrocyanea",31.475403,30
"Shimwellia_blattae",31.154463,37
"Shuttleworthia_satelles",34.494835,37
"Simiduia_agarivorans",28.079638,28
"Simonsiella_muelleri",33.963688,37
"Singulisphaera_acidiphila",34.014046,28
"Sinorhizobium_americanum",26.76471,28
"Slackia_exigua",36.42255,37
"Slackia_heliotrinireducens",36.69127,37
"Slackia_piriformis",36.601677,37
"Sodalis_glossinidius",30.337887,28
"Solibacillus_silvestris",32.237198,29
"Solitalea_canadensis",25.696705,26
"Solobacterium_moorei",32.788734,37
"Sorangium_cellulosum",33.311962,28.01860465
"Sphaerobacter_thermophilus",57.73789,55
"Sphaerochaeta_coccoides",31.57056,30
"Sphaerochaeta_globosa",26.414501,25
"Sphaerochaeta_pleomorpha",26.477957,25
"Sphaerotilus_natans",27.926977,25
"Sphingobacterium_spiritivorum",25.253458,29
"Sphingobium_chlorophenolicum",27.602674,30
"Sphingobium_chungbukense",27.779696,28
"Sphingobium_herbicidovorans",28.068998,28
"Sphingobium_indicum",27.65972,28
"Sphingobium_japonicum",27.854965,28
"Sphingobium_lactosutens",28.101954,28
"Sphingobium_quisquiliarum",27.924347,28
"Sphingobium_ummariense",28.002724,28
"Sphingobium_yanoikuyae",26.248348,28.5
"Sphingomonas_changbaiensis",28.709257,28
"Sphingomonas_hankookensis",28.025244,28
"Sphingomonas_melonis",28.30809,28
"Sphingomonas_parapaucimobilis",28.30809,28
"Sphingomonas_paucimobilis",27.779696,30
"Sphingomonas_sanguinis",28.30809,30
"Sphingomonas_sanxanigenens",27.779696,28
"Sphingomonas_wittichii",28.508675,30
"Sphingomonas_yabuuchiae",28.30809,30
"Sphingopyxis_alaskensis",27.617365,28
"Sphingopyxis_granuli",27.43143,28
"Sphingopyxis_macrogoltabida",28.101954,30
"Sphingopyxis_terrae",27.617365,30
"Spirochaeta_africana",38.516037,37
"Spirochaeta_thermophila",63.814415,64.16666667
"Spiroplasma_cantharicola",30.175997,30
"Spiroplasma_chrysopicola",32.0887,30
"Spiroplasma_culicicola",31.173874,30
"Spiroplasma_diminutum",30.329329,30
"Spiroplasma_eriocheiris",30.72047,30
"Spiroplasma_helicoides",31.173874,30
"Spiroplasma_kunkelii",31.692272,30
"Spiroplasma_litorale",31.521006,30
"Spiroplasma_melliferum",31.692272,30
"Spiroplasma_mirum",30.050188,30
"Spiroplasma_syrphidicola",32.717033,30
"Spiroplasma_taiwanense",29.414333,30
"Spiroplasma_turonicum",31.240377,30
"Spirosoma_linguale",26.340157,26
"Sporocytophaga_myxococcoides",24.490097,25
"Sporolactobacillus_laevolacticus",33.583607,28.7
"Sporomusa_ovata",33.697685,33.33333333
"Sporosarcina_globispora",29.029919,17.85714286
"Sporosarcina_psychrophila",24.647646,18.125
"Stackebrandtia_nassauensis",33.43786,28
"Staphylococcus_agnetis",33.444344,37
"Staphylococcus_arlettae",33.243412,34
"Staphylococcus_aureus",33.755493,36.03424658
"Staphylococcus_hyicus",33.444344,37
"Staphylococcus_lentus",33.226585,37
"Staphylococcus_microti",33.43148,37
"Staphylococcus_sciuri",33.224472,37
"Stenotrophomonas_humi",28.418545,28
"Streptococcus_infantis",35.768776,37
"Staphylococcus_capitis",33.684013,35.5
"Staphylococcus_caprae",33.525635,37
"Staphylococcus_carnosus",33.666313,37
"Staphylococcus_chromogenes",33.43148,37
"Staphylococcus_cohnii",33.119225,34.42857143
"Staphylococcus_condimenti",33.53537,37
"Staphylococcus_epidermidis",33.60084,32.39130435
"Staphylococcus_equorum",33.315525,35.25
"Staphylococcus_haemolyticus",33.228695,32.09090909
"Staphylococcus_hominis",33.01307,31.21428571
"Staphylococcus_lugdunensis",33.557827,35.5
"Staphylococcus_massiliensis",33.1232,37
"Staphylococcus_pasteuri",33.53537,31.6
"Staphylococcus_pettenkoferi",33.666313,37
"Staphylococcus_pseudintermedius",33.30697,37
"Staphylococcus_saprophyticus",33.270054,32.5
"Staphylococcus_schleiferi",33.684013,37
"Staphylococcus_simiae",33.53537,37
"Staphylococcus_simulans",33.98122,37
"Staphylococcus_succinus",33.066147,31
"Starkeya_novella",28.155087,27
"Stenotrophomonas_acidaminiphila",29.511507,35
"Stenotrophomonas_chelatiphaga",27.8971,28
"Stenotrophomonas_ginsengisoli",28.571955,28
"Stenotrophomonas_koreensis",28.571955,28
"Stenotrophomonas_maltophilia",28.571955,28.33333333
"Stenotrophomonas_nitritireducens",29.449867,30
"Stenotrophomonas_pavanii",28.553757,28
"Stenotrophomonas_rhizophila",27.368452,30
"Stenotrophomonas_terrae",28.455177,28
"Steroidobacter_denitrificans",31.670694,28
"Stigmatella_aurantiaca",33.28854,28.33333333
"Streptobacillus_moniliformis",29.73097,37
"Streptococcus_agalactiae",35.38537,34.66666667
"Streptococcus_anginosus",35.31082,37
"Streptococcus_australis",35.38537,37
"Streptococcus_canis",35.54563,37
"Streptococcus_constellatus",35.921494,37
"Streptococcus_criceti",35.54563,37
"Streptococcus_cristatus",36.647667,37
"Streptococcus_downei",36.04753,37
"Streptococcus_dysgalactiae",35.921494,37
"Streptococcus_equi",35.921494,37
"Streptococcus_equinus",36.426468,37
"Streptococcus_gallolyticus",36.426468,37
"Streptococcus_gordonii",36.05567,37
"Streptococcus_ictaluri",35.921494,30
"Streptococcus_infantarius",36.208168,37
"Streptococcus_iniae",35.54563,37
"Streptococcus_intermedius",36.18985,37
"Streptococcus_lutetiensis",36.05567,37
"Streptococcus_macacae",35.485477,37
"Streptococcus_mitis",35.571217,37
"Streptococcus_mutans",35.32275,37
"Streptococcus_oralis",35.38537,37
"Streptococcus_parasanguinis",35.700737,37
"Streptococcus_parauberis",35.103146,37
"Streptococcus_peroris",35.81231,37
"Streptococcus_phocae",35.921494,37
"Sulfurospirillum_multivorans",26.037956,25
"Treponema_azotonutricium",22.601475,20
"Thermobifida_cellulosilytica",47.374424,45
"Tatumella_morbirosei",30.754965,28
"Vibrio_hepatarius",25.124708,28
"Yersinia_frederiksenii",30.497412,30
"Sulfobacillus_acidophilus",48.335648,45
"Thermus_filiformis",69.92502,70
"Streptomyces_acidiscabies",28.945415,28
"Vibrio_kanaloae",21.30361,28
"Streptomyces_hygroscopicus",28.945415,28
"Thermotoga_maritima",77.90074,76
"Weissella_koreensis",29.770086,30
"Streptomyces_globisporus",29.077148,28
"Streptomyces_canus",28.963673,28
"Thermoanaerobacterium_thermosaccharolyticum",59.86225,56
"Tropicibacter_naphthalenivorans",24.386957,37
"Vibrio_maritimus",25.124708,28
"Terriglobus_roseus",25.384972,25
"Treponema_pallidum",29.275858,37
"Syntrophobacter_fumaroxidans",42.961704,37
"Thalassolituus_oleivorans",24.34744,28
"Xanthomonas_euvesicatoria",27.50436,28
"Thermoactinomyces_vulgaris",51.204025,50
"Thermus_aquaticus",69.52359,70
"Xanthomonas_gardneri",27.678583,30
"Streptomyces_aurantiacus",29.331196,28
"Thermobispora_bispora",53.84915,52.5
"Xenorhabdus_szentirmaii",31.24414,30
"Streptomyces_ipomoeae",28.832186,28
"Tetragenococcus_halophilus",33.15146,30
"Tsukamurella_pseudospumae",32.023136,28
"Wenxinia_marina",25.924725,30
"Vibrio_crassostreae",20.804298,28
"Thioclava_pacifica",25.272398,28
"Thermus_thermophilus",70.83983,72.07142857
"Thermosulfidibacter_takaii",71.946075,70
"Tolumonas_auensis",29.463842,28
"Xanthomonas_fragariae",27.430634,28
"Thermovenabulum_gondwanense",65.13234,65
"Vibrio_metschnikovii",25.494741,28
"Thermoanaerobacter_thermohydrosulfuricus",66.31522,63.63636364
"Treponema_denticola",29.923668,37
"Streptomyces_violaceusniger",29.009336,28
"Treponema_succinifaciens",30.728918,37
"Thermosipho_africanus",69.03874,67.5
"Vibrio_vulnificus",28.280115,31.25
"Streptomyces_aureofaciens",30.8995,28
"Yersinia_nurmii",29.67037,28
"Thermaerobacter_marianensis",69.62059,72.5
"Xanthomonas_sacchari",28.465122,28
"Vibrio_alginolyticus",24.523203,30
"Sulfitobacter_mediterraneus",23.735512,27
"Tetrasphaera_elongata",29.953724,28
"Vibrio_furnissii",25.980066,28
"Thauera_phenylacetica",28.124552,30
"Vibrio_mytili",25.554205,28
"Vagococcus_lutrae",32.506836,37
"Thalassospira_lucentensis",23.520073,13
"Sulfurimonas_denitrificans",22.902018,21
"Trueperella_bernardiae",31.454039,37
"Tepidanaerobacter_acetatoxydans",58.70752,37
"Streptococcus_sanguinis",35.38537,37
"Streptomyces_cattleya",28.620909,26
"Xanthomonas_arboricola",27.455198,26.5
"Vibrio_lentus",21.155973,28
"Sulfitobacter_donghicola",23.675388,25
"Streptomyces_viridochromogenes",28.95018,28
"Streptomyces_albulus",29.007017,28
"Weissella_kandleri",29.16604,30
"Xanthomonas_translucens",28.32768,28
"Thermomonospora_curvata",50.95613,47.5
"Tetragenococcus_muriaticus",32.433884,30
"Thermoanaerobacterium_saccharolyticum",61.834396,60
"Tatlockia_micdadei",31.289192,37
"Thiomonas_intermedia",27.57025,26.66666667
"Thauera_terpenica",27.795404,30
"Thioalkalimicrobium_cyclicum",27.37832,28
"Vibrio_cholerae",28.280115,31
"Weissella_paramesenteroides",30.731226,30
"Streptomyces_alboniger",32.80394,28
"Treponema_pedis",30.071228,37
"Veillonella_parvula",33.402588,37
"Thermoanaerobacter_mathranii",67.3252,70
"Yokenella_regensburgei",32.35261,37
"Syntrophothermus_lipocalidus",57.50733,55
"Sulfuritalea_hydrogenivorans",27.29309,25
"Xenorhabdus_hominickii",30.749279,30
"Thermodesulfobacterium_commune",70.28303,70
"Thermanaerovibrio_velox",59.50072,60
"Thermaerobacter_subterraneus",66.99845,60
"Syntrophaceticus_schinkii",56.417496,37
"Xanthobacter_autotrophicus",28.101976,30
"Streptomyces_iranensis",29.183502,28
"Thalassobius_mediterraneus",24.000551,28
"Streptomyces_bottropensis",28.762138,28
"Verminephrobacter_eiseniae",28.590677,28
"Xanthomonas_bromi",27.586817,28
"Yersinia_mollaretii",29.991547,28
"Vibrio_ponticus",25.435278,25
"Zymomonas_mobilis",27.124056,29.33333333
"Symbiobacterium_thermophilum",62.5269,60
"Weissella_viridescens",30.353975,30
"Weissella_minor",28.151869,30
"Thermoanaerobacterium_xylanolyticum",60.857628,60
"Xenorhabdus_bovienii",31.059221,28
"Streptococcus_urinalis",35.158016,37
"Succinatimonas_hippei",30.100372,37
"Thermosynechococcus_elongatus",55.450813,55
"Streptomyces_griseus",28.976215,28.05263158
"Treponema_saccharophilum",29.99348,37
"Streptomyces_subrutilus",29.288303,28
"Yersinia_similis",30.276758,30
"Weeksella_virosa",24.74708,30
"Thermus_scotoductus",68.55891,65.8
"Sutterella_parvirubra",29.606129,37
"Turneriella_parva",31.606796,30
"Streptomyces_anulatus",28.945415,28
"Variovorax_paradoxus",27.916817,29.63636364
"Tsukamurella_tyrosinosolvens",31.157692,28
"Taylorella_equigenitalis",28.106981,37
"Varibaculum_cambriense",33.854748,37
"Thermodesulfovibrio_yellowstonii",61.422764,60
"Thioalkalimicrobium_aerophilum",28.039446,30
"Sulfitobacter_pontiacus",24.000551,30
"Streptococcus_salivarius",36.426468,37.88888889
"Thiorhodococcus_drewsii",26.900507,30
"Thermodesulfovibrio_aggregans",61.05732,60
"Yersinia_aleksiciae",30.4644,28
"Thermotoga_naphthophila",77.78252,75
"Syntrophomonas_wolfei",47.702957,37
"Yersinia_massiliensis",29.991547,28
"Xenorhabdus_doucetiae",31.059221,28
"Streptococcus_vestibularis",36.19901,37
"Thermoanaerobacter_wiegelii",66.17252,65
"Vibrio_rumoiensis",21.995468,28
"Streptomyces_venezuelae",29.442654,28
"Tetrasphaera_jenkinsii",28.083742,25
"Subdoligranulum_variabile",32.154255,37
"Thermovirga_lienii",56.74259,55
"Vibrio_proteolyticus",25.663988,30
"Streptomyces_nodosus",28.914711,28
"Vibrio_azureus",25.124708,28
"Thermobifida_fusca",52.807266,50.45
"Streptococcus_thermophilus",37.872406,45
"Yersinia_enterocolitica",30.530424,28.75
"Streptomyces_lividans",28.945415,28
"Xanthomonas_citri",27.390295,26
"Streptomyces_decoyicus",28.945415,28
"Xanthomonas_vesicatoria",27.688126,28
"Streptococcus_pneumoniae",29.866484,37
"Streptomyces_griseorubens",28.963673,28
"Streptomyces_resistomycificus",28.914711,28
"Vibrio_orientalis",25.124708,28
"Viridibacillus_arvi",29.156534,30
"Tetrasphaera_japonica",31.046022,28
"Thiorhodospira_sibirica",28.154476,26
"Streptomyces_curacoi",28.945415,28
"Xanthomonas_pisi",27.390295,28
"Thalassospira_profundimaris",26.303162,25
"Vibrio_xuii",25.124708,28
"Xanthomonas_hyacinthi",28.61222,28
"Xenorhabdus_poinarii",31.059221,30
"Streptomyces_longwoodensis",29.183502,28
"Thermoanaerobacter_siderophilus",66.17252,70
"Streptomyces_griseochromogenes",28.945415,28
"Thauera_aminoaromatica",28.124552,30
"Vibrio_shilonii",24.690197,30
"Wohlfahrtiimonas_chitiniclastica",28.057203,28
"Streptococcus_sobrinus",36.721,37
"Streptomyces_fulvissimus",28.945415,28
"Streptomyces_pseudovenezuelae",28.945415,28
"Vibrio_tubiashii",25.124708,28
"Sulfuricurvum_kujiense",25.14042,25
"Weissella_halotolerans",30.625008,30
"Xanthomonas_perforans",27.50436,28
"Vibrio_neptunius",25.279993,28
"Veillonella_montpellierensis",33.458046,37
"Streptomyces_fradiae",29.244143,28
"Thermomicrobium_roseum",69.86862,70
"Vibrio_owensii",25.28008,28
"Thermanaerovibrio_acidaminovorans",59.15428,55
"Streptomyces_corchorusii",28.964611,28
"Streptomyces_bungoensis",28.945415,28
"Yersinia_pekkanenii",30.464401,28
"Streptomonospora_alba",41.55533,28
"Thermodesulfobium_narugense",54.39524,50
"Thiomicrospira_crunogena",23.394226,24.2
"Thermoanaerobacter_kivui",65.20152,60
"Zunongwangia_profunda",19.723055,28
"Streptomyces_variegatus",28.620909,28
"Thiomonas_arsenitoxydans",27.539886,30
"Streptomyces_cellostaticus",28.726547,28
"Streptomyces_katrae",30.665476,28
"Thiocapsa_marina",26.330374,25.5
"Thioalkalivibrio_nitratireducens",30.823734,30
"Streptomyces_lydicus",28.964611,28
"Vibrio_campbellii",25.43519,28
"Xanthomonas_vasicola",27.398182,30
"Streptomyces_parvulus",28.945415,28
"Thermotoga_petrophila",77.75246,75
"Vibrio_mimicus",27.592648,28
"Thermoanaerobacter_brockii",65.423195,62.5
"Streptomyces_collinus",28.832186,28
"Thiobacillus_denitrificans",28.151201,29.42857143
"Variovorax_boronicumulans",27.916817,28
"Streptococcus_porcinus",35.54563,37
"Streptomyces_ciscaucasicus",29.072443,28
"Trueperella_pyogenes",32.206966,37
"Streptomyces_chattanoogensis",28.964611,28
"Thiothrix_nivea",26.593346,25
"Viridibacillus_arenosi",30.054605,30
"Thalassomonas_viridans",19.090357,28
"Yersinia_pseudotuberculosis",30.270966,37
"Streptomyces_mutabilis",29.081854,28
"Sulfurihydrogenibium_azorense",68.40043,68
"Thermus_oshimai",68.176895,62.5
"Streptomyces_noursei",29.008177,28
"Xanthomonas_axonopodis",27.398182,28
"Terriglobus_saanensis",25.411753,20
"Tsukamurella_pulmonis",32.094326,28
"Streptomyces_scabiei",28.945415,28
"Sulfurospirillum_halorespirans",26.73102,30
"Streptomyces_olivochromogenes",28.945415,28
"Thioalkalivibrio_paradoxus",30.6936,30
"Streptococcus_sinensis",35.921494,37
"Tatumella_ptyseos",30.73188,30
"Thermosediminibacter_oceani",68.48979,68
"Streptomyces_qinglanensis",31.351479,28
"Streptomyces_europaeiscabiei",29.015772,28
"Thermosipho_melanesiensis",69.70913,70
"Vibrio_ezurae",21.451246,28
"Xanthomonas_hortorum",27.594734,27
"Streptomyces_turgidiscabies",28.816439,28
"Tsukamurella_paurometabola",31.417969,29.28571429
"Tetrasphaera_australiensis",29.224705,28
"Thermocrinis_ruber",81.43969,80
"Sulfurospirillum_deleyianum",27.718134,28
"Streptomyces_ambofaciens",28.783161,27.33333333
"Sulfurimonas_autotrophica",25.244894,24
"Vibrio_breoganii",21.600693,28
"Wolinella_succinogenes",30.548576,37
"Streptococcus_pyogenes",36.23713,37
"Thauera_linaloolentis",28.124552,30
"Xanthomonas_albilineans",28.32768,26
"Thiomonas_bhubaneswarensis",27.793943,37
"Thermovibrio_ammonificans",73.95335,75
"Yersinia_pestis",30.270966,29
"Yersinia_intermedia",30.530424,30
"Streptomyces_avermitilis",28.832186,27.2
"Vibrio_variabilis",25.124708,28
"Streptococcus_uberis",35.158016,37
"Thioalkalivibrio_versutus",30.382494,30
"Yersinia_aldovae",30.4644,30
"Xanthomonas_campestris",27.640617,26.4
"Streptomyces_xiamenensis",31.384127,28
"Vibrio_caribbeanicus",25.128803,28
"Vibrio_ordalii",25.684061,28
"Sutterella_wadsworthensis",29.229752,37
"Thermodesulfatator_indicus",71.43282,70
"Virgibacillus_pantothenticus",32.69098,30
"Streptomyces_afghaniensis",28.981928,28
"Vibrio_harveyi",25.124708,27
"Thermincola_ferriacetica",59.89701,60
"Thermoanaerobacter_italicus",66.99269,65
"Vibrio_mediterranei",24.7611,28
"Thermotoga_neapolitana",78.0342,81
"Streptomyces_auratus",29.183502,28
"Vibrio_coralliilyticus",25.124708,28
"Thalassospira_xiamenensis",24.48155,25
"Yersinia_bercovieri",30.464401,30
"Xylanimonas_cellulosilytica",32.322952,28
"Weissella_cibaria",29.307291,30
"Vibrio_sinaloensis",25.124708,30
"Vibrio_splendidus",21.451246,28
"Syntrophobotulus_glycolicus",35.208473,28
"Streptomyces_vietnamensis",29.442654,28
"Xenorhabdus_griffiniae",31.154463,30
"Yersinia_rohdei",30.4644,30
"Streptomyces_lincolnensis",28.945415,28
"Yersinia_kristensenii",30.4644,30
"Thiocystis_violascens",26.144005,25
"Vibrio_scophthalmi",22.545742,28
"Streptococcus_pseudoporcinus",35.727783,37
"Streptomyces_regensis",32.38008,28
"Weissella_confusa",29.831179,30
"Streptococcus_pseudopneumoniae",35.855843,37
"Streptomyces_virginiae",30.459648,28
"Truepera_radiovictrix",52.234436,50
"Sulfurovum_lithotrophicum",28.170559,28
"Streptomyces_griseoruber",28.945415,28
"Sulfuricella_denitrificans",24.417978,22
"Xylella_fastidiosa",28.024687,26
"Streptococcus_suis",35.65343,37
"Thermobrachium_celere",59.945576,60
"Vibrio_fluvialis",27.23424,30
"Vibrio_brasiliensis",25.124708,28
"Thermobacillus_composti",47.550735,50
"Trabulsiella_guamensis",32.75785,33.5
"Verrucosispora_maris",32.279312,28
"Sulfurospirillum_barnesii",27.934164,30
"Thalassospira_tepidiphila",27.03089,35
"Thermoanaerobacter_ethanolicus",66.17252,61.25
"Vibrio_halioticoli",21.451246,28
"Streptomyces_purpurogeneiscleroticus",27.569027,28
"Streptomyces_vitaminophilus",33.06845,28
"Vibrio_anguillarum",25.124708,28
"Yersinia_ruckeri",29.67037,30
"Streptomyces_glaucescens",28.935852,28
"Thermosinus_carboxydivorans",60.539238,60
"Turicella_otitidis",32.543953,37
"Treponema_brennaborense",29.467852,37
"Streptosporangium_roseum",35.00278,28
"Zobellia_galactanivorans",26.741894,35
"Streptomyces_clavuligerus",29.127972,28
"Thermoanaerobacter_pseudethanolicus",65.423195,65
"Veillonella_atypica",33.521996,37
"Streptomyces_coelicoflavus",28.945415,28
"Syntrophomonas_zehnderi",48.229454,37
"Thermocrinis_albus",82.78876,80
"Xenorhabdus_cabanillasii",31.330471,30
